landingPagePlusQueryString,sessionSourceMedium,sessions,totalUsers,engagedSessions,screenPageViews
/archives/149,bing / organic,165,146,43,186
/jp/calendar/2026/05,bing / organic,156,147,123,535
/jp/calendar/2026,bing / organic,143,140,103,534
(not set),bing / organic,134,133,0,0
(not set),google / organic,109,106,0,0
/archives/2726,google / organic,86,81,58,96
/jp/calendar/2026/06,bing / organic,81,76,68,245
/archives/2590,bing / organic,66,58,40,70
/archives/105,google / organic,58,55,45,67
/archives/2590,google / organic,58,52,39,63
/jp/calendar/2026/04,bing / organic,49,48,41,204
/archives/411,google / organic,46,44,30,50
/archives/185,google / organic,45,41,20,55
/,(direct) / (none),43,42,3,53
/archives/3999,bing / organic,34,29,26,35
/archives/3290,google / organic,31,30,19,31
/archives/105,bing / organic,26,24,17,33
/archives/996,bing / organic,26,26,18,28
/tools/spacing,google / organic,24,22,16,28
/archives/3017,google / organic,23,22,9,25
/archives/3506,bing / organic,20,14,11,23
/archives/4006,google / organic,20,13,11,22
/jp/calendar,bing / organic,20,18,11,70
/archives/492,bing / organic,18,17,13,23
/archives/3999,google / organic,17,16,8,17
/archives/420,google / organic,16,16,12,18
/archives/586,google / organic,16,16,11,21
/archives/1060,google / organic,15,14,9,15
/archives/1083,google / organic,15,15,11,16
/archives/209,bing / organic,15,15,8,17
/archives/443,google / organic,15,14,7,18
/archives/2750,google / organic,13,13,8,13
/archives/3636,google / organic,13,12,7,16
/archives/4006,bing / organic,13,13,8,13
/archives/579,bing / organic,13,11,6,15
/archives/2581,google / organic,12,12,9,14
/archives/2590,(direct) / (none),12,12,10,15
/archives/3103,bing / organic,12,12,9,12
/archives/3115,bing / organic,12,12,9,12
/archives/3200,google / organic,12,11,7,14
/archives/3670,google / organic,12,7,5,18
/articles/tsuki-betsu-kateisaien-calendar,bing / organic,12,12,10,14
/archives/2750,bing / organic,11,11,9,11
/archives/3280,bing / organic,11,8,6,12
/archives/362,bing / organic,11,11,8,12
/archives/4010,bing / organic,11,7,4,11
/archives/427,google / organic,11,10,10,12
/archives/580,bing / organic,11,11,9,11
/jp/calendar/2026,duckduckgo / organic,11,9,8,88
(not set),(direct) / (none),10,10,0,0
/archives/1166,bing / organic,10,10,5,11
/archives/1242,bing / organic,10,10,9,10
/archives/2607,google / organic,10,9,9,10
/archives/2755,bing / organic,10,10,8,12
/archives/3017,yahoo / organic,10,9,3,10
/archives/3229,google / organic,10,10,6,10
/archives/679,google / organic,10,10,5,15
/archives/214,bing / organic,9,9,7,10
/archives/2395,bing / organic,9,6,3,9
/archives/3672,(direct) / (none),9,9,0,9
/archives/4207,google / organic,9,9,7,9
/archives/579,copilot.com / referral,9,2,1,10
/tools/spacing,yahoo / organic,9,8,9,17
/archives/1250,bing / organic,8,7,8,11
/archives/2546,bing / organic,8,8,5,8
/archives/2838,(direct) / (none),8,8,0,8
/archives/3229,bing / organic,8,8,4,8
/archives/3273,google / organic,8,8,3,8
/archives/3290,yahoo / organic,8,8,5,10
/archives/4189,bing / organic,8,8,8,8
/archives/4207,bing / organic,8,8,7,8
/archives/579,google / organic,8,8,6,14
/archives/583,(direct) / (none),8,8,0,8
/archives/633,google / organic,8,8,5,9
/archives/738,bing / organic,8,8,2,10
/articles/tsuki-betsu-kateisaien-calendar,google / organic,8,8,3,12
/jp/calendar/2026/08,bing / organic,8,7,4,17
(not set),(not set),7,7,0,0
(not set),duckduckgo / organic,7,7,0,0
/archives/1112,bing / organic,7,6,1,7
/archives/1604,google / organic,7,1,1,8
/archives/2124,bing / organic,7,7,2,7
/archives/2595,bing / organic,7,7,1,7
/archives/2636,google / organic,7,7,5,8
/archives/3189,google / organic,7,7,4,7
/archives/3205,(direct) / (none),7,7,3,8
/archives/3283,google / organic,7,6,3,7
/archives/3773,bing / organic,7,7,7,7
/archives/3905,bing / organic,7,7,6,7
/archives/3930,bing / organic,7,7,6,8
/archives/439,bing / organic,7,7,5,7
/archives/596,bing / organic,7,6,1,7
/archives/663,(direct) / (none),7,7,0,7
/articles/tsuchi-zukuri-compost-kihon,bing / organic,7,7,7,7
/articles/tsuki-betsu-kateisaien-calendar,openai / organic,7,7,6,7
/jp/calendar/2026/05,duckduckgo / organic,7,7,5,17
/archives/121,google / organic,6,6,3,6
/archives/2353,google / organic,6,6,5,6
/archives/2607,bing / organic,6,6,4,7
/archives/2633,bing / organic,6,6,4,7
/archives/2726,(direct) / (none),6,6,2,6
/archives/2755,google / organic,6,6,3,7
/archives/3011,(direct) / (none),6,6,2,7
/archives/3189,bing / organic,6,4,1,6
/archives/3280,google / organic,6,5,3,7
/archives/4185,google / organic,6,5,4,7
/archives/4202,bing / organic,6,6,6,6
/archives/439,google / organic,6,6,4,8
/archives/586,bing / organic,6,6,3,6
/archives/913,(direct) / (none),6,6,2,8
/jp/calendar,duckduckgo / organic,6,6,5,16
/jp/calendar/2026/04,duckduckgo / organic,6,3,1,7
/jp/calendar/2026/05,(direct) / (none),6,6,2,9
/,google / organic,5,2,5,41
/archives/185,(direct) / (none),5,5,2,5
/archives/185,yahoo / organic,5,4,5,5
/archives/2268,bing / organic,5,5,3,6
/archives/2546,duckduckgo / organic,5,5,2,5
/archives/2672,bing / organic,5,5,3,7
/archives/2675,(direct) / (none),5,5,0,5
/archives/2770,(direct) / (none),5,3,0,5
/archives/2770,google / organic,5,5,2,5
/archives/3224,(direct) / (none),5,5,3,7
/archives/333,google / organic,5,4,2,5
/archives/3800,bing / organic,5,5,3,5
/archives/3807,bing / organic,5,5,3,5
/archives/580,duckduckgo / organic,5,5,2,6
/archives/601,(direct) / (none),5,5,0,5
/archives/185,bing / organic,4,4,3,4
/archives/218,google / organic,4,4,3,5
/archives/2306,bing / organic,4,4,3,4
/archives/2546,(direct) / (none),4,4,0,4
/archives/2590,yahoo / organic,4,4,3,4
/archives/2633,google / organic,4,3,2,4
/archives/2652,bing / organic,4,1,2,6
/archives/2765,bing / organic,4,4,2,4
/archives/2968,bing / organic,4,3,1,4
/archives/3189,(direct) / (none),4,3,1,4
/archives/3200,bing / organic,4,4,3,4
/archives/3283,(direct) / (none),4,4,0,4
/archives/3672,google / organic,4,4,2,4
/archives/3999,(direct) / (none),4,4,1,4
/archives/580,(direct) / (none),4,4,0,4
/archives/580,google / organic,4,4,2,4
/archives/580,yahoo / organic,4,4,4,5
/archives/598,cn.bing.com / referral,4,3,1,5
/archives/654,google / organic,4,4,3,4
/archives/724,(direct) / (none),4,4,1,5
/archives/883,(direct) / (none),4,4,2,4
/archives/tag/akamai,(direct) / (none),4,4,0,4
/articles/planter-tsuchi-erabi-kiso,bing / organic,4,4,2,4
/jp/calendar/2026,(direct) / (none),4,4,2,6
/jp/calendar/2026/10,bing / organic,4,4,3,6
/weeks-from-today,(direct) / (none),4,4,0,4
(not set),t.co / referral,3,3,0,0
(not set),yahoo / organic,3,3,0,0
/archives/1112,(direct) / (none),3,3,0,3
/archives/2124,(direct) / (none),3,3,0,3
/archives/2381,google / organic,3,3,2,3
/archives/2581,yahoo / organic,3,3,2,4
/archives/2590,websearch.rakuten.co.jp / referral,3,1,2,6
/archives/2668,(direct) / (none),3,3,1,3
/archives/2726,yahoo / organic,3,3,2,3
/archives/2729,bing / organic,3,3,1,3
/archives/2776,bing / organic,3,3,3,3
/archives/2991,google / organic,3,3,2,3
/archives/3079,bing / organic,3,3,2,3
/archives/3079,google / organic,3,3,3,3
/archives/3189,cn.bing.com / referral,3,2,1,3
/archives/3248,bing / organic,3,3,0,3
/archives/3283,bing / organic,3,3,2,3
/archives/3290,(direct) / (none),3,3,2,3
/archives/3313,bing / organic,3,3,2,3
/archives/333,(direct) / (none),3,3,1,3
/archives/342,google / organic,3,3,2,3
/archives/358,google / organic,3,3,2,3
/archives/3622,google / organic,3,3,1,3
/archives/3776,bing / organic,3,3,3,3
/archives/3905,(direct) / (none),3,3,1,3
/archives/3999,yahoo / organic,3,3,2,3
/archives/4010,(direct) / (none),3,2,0,3
/archives/4103,bing / organic,3,3,2,3
/archives/4189,google / organic,3,3,3,4
/archives/4204,bing / organic,3,3,1,3
/archives/443,yahoo / organic,3,3,3,4
/archives/457,google / organic,3,3,3,3
/archives/549,(direct) / (none),3,3,0,3
/archives/580,cn.bing.com / referral,3,3,2,3
/archives/583,copilot.com / referral,3,3,1,3
/archives/588,(direct) / (none),3,3,0,3
/archives/623,(direct) / (none),3,3,0,3
/archives/658,bing / organic,3,3,2,4
/archives/663,bing / organic,3,3,3,3
/archives/663,chatgpt.com / referral,3,3,2,3
/archives/663,google / organic,3,3,2,3
/archives/711,bing / organic,3,2,0,3
/archives/727,(direct) / (none),3,3,2,4
/archives/856,(direct) / (none),3,3,0,3
/archives/883,chatgpt.com / (not set),3,3,1,3
/archives/888,bing / organic,3,3,1,3
