landingPagePlusQueryString,sessionDefaultChannelGroup,sessions_current,sessions_previous,sessions_delta,sessions_delta_pct,totalUsers_current,totalUsers_previous,totalUsers_delta,totalUsers_delta_pct,engagedSessions_current,engagedSessions_previous,engagedSessions_delta,engagedSessions_delta_pct,screenPageViews_current,screenPageViews_previous,screenPageViews_delta,screenPageViews_delta_pct
(not set),Organic Search,99,106,-7,-6.6%,96,105,-9,-8.57%,1,0,1,,0,0,0,
/archives/149,Organic Search,78,60,18,30%,70,51,19,37.25%,19,16,3,18.75%,85,68,17,25%
/archives/105,Organic Search,62,67,-5,-7.46%,60,67,-7,-10.45%,46,48,-2,-4.17%,73,83,-10,-12.05%
/archives/2590,Organic Search,37,28,9,32.14%,34,28,6,21.43%,26,23,3,13.04%,44,31,13,41.94%
/archives/2672,Organic Search,34,17,17,100%,33,16,17,106.25%,23,12,11,91.67%,44,21,23,109.52%
/archives/3776,Organic Search,32,0,32,,32,0,32,,26,0,26,,34,0,34,
/archives/4006,Organic Search,31,27,4,14.81%,31,26,5,19.23%,22,16,6,37.5%,33,30,3,10%
/archives/549,Organic Search,27,0,27,,24,0,24,,18,0,18,,32,0,32,
/archives/209,Organic Search,26,21,5,23.81%,24,20,4,20%,8,13,-5,-38.46%,31,22,9,40.91%
/archives/996,Organic Search,24,11,13,118.18%,24,11,13,118.18%,16,8,8,100%,25,11,14,127.27%
/archives/633,Organic Search,22,0,22,,22,0,22,,8,0,8,,22,0,22,
/archives/4154,Organic Search,21,0,21,,20,0,20,,19,0,19,,29,0,29,
/archives/2750,Organic Search,20,11,9,81.82%,20,11,9,81.82%,16,10,6,60%,21,11,10,90.91%
/tools/spacing,Organic Search,16,0,16,,14,0,14,,8,0,8,,17,0,17,
/archives/3999,Organic Search,15,0,15,,15,0,15,,11,0,11,,17,0,17,
/jp/calendar,Organic Search,15,11,4,36.36%,14,11,3,27.27%,9,6,3,50%,148,22,126,572.73%
/archives/670,Organic Search,14,0,14,,13,0,13,,9,0,9,,14,0,14,
/archives/185,Organic Search,12,21,-9,-42.86%,12,20,-8,-40%,6,16,-10,-62.5%,13,24,-11,-45.83%
/archives/1166,Organic Search,11,13,-2,-15.38%,11,13,-2,-15.38%,6,6,0,0%,11,13,-2,-15.38%
/archives/411,Organic Search,11,0,11,,11,0,11,,7,0,7,,13,0,13,
/archives/2838,Organic Search,10,0,10,,2,0,2,,1,0,1,,10,0,10,
/archives/3773,Organic Search,10,13,-3,-23.08%,10,13,-3,-23.08%,9,9,0,0%,10,13,-3,-23.08%
/archives/1083,Organic Search,9,0,9,,9,0,9,,5,0,5,,9,0,9,
/,Direct,8,6,2,33.33%,7,6,1,16.67%,3,1,2,200%,9,6,3,50%
/archives/2636,Organic Search,8,7,1,14.29%,8,7,1,14.29%,6,4,2,50%,8,8,0,0%
/archives/3079,Organic Search,8,0,8,,6,0,6,,3,0,3,,8,0,8,
/archives/4006,Organic Social,8,0,8,,8,0,8,,3,0,3,,8,0,8,
/archives/443,Organic Search,8,11,-3,-27.27%,8,11,-3,-27.27%,5,6,-1,-16.67%,8,11,-3,-27.27%
/archives/598,Organic Search,8,0,8,,7,0,7,,4,0,4,,8,0,8,
/archives/2633,Organic Search,7,19,-12,-63.16%,7,18,-11,-61.11%,7,12,-5,-41.67%,9,19,-10,-52.63%
/articles/tsuki-betsu-kateisaien-calendar,Organic Search,7,7,0,0%,7,7,0,0%,5,5,0,0%,9,7,2,28.57%
/archives/218,Organic Search,6,0,6,,6,0,6,,4,0,4,,7,0,7,
/archives/2595,Organic Search,6,7,-1,-14.29%,6,7,-1,-14.29%,2,3,-1,-33.33%,6,9,-3,-33.33%
/archives/3189,Organic Search,6,0,6,,5,0,5,,1,0,1,,6,0,6,
/archives/3200,Organic Search,6,11,-5,-45.45%,6,10,-4,-40%,2,4,-2,-50%,6,13,-7,-53.85%
/archives/3290,Organic Search,6,6,0,0%,6,6,0,0%,6,4,2,50%,7,6,1,16.67%
/archives/3301,Organic Search,6,6,0,0%,6,6,0,0%,2,4,-2,-50%,6,6,0,0%
/archives/3622,Organic Search,6,0,6,,6,0,6,,5,0,5,,7,0,7,
/archives/4189,Organic Search,6,0,6,,6,0,6,,6,0,6,,6,0,6,
/archives/492,Organic Search,6,7,-1,-14.29%,6,7,-1,-14.29%,4,5,-1,-20%,6,7,-1,-14.29%
/archives/2755,Organic Search,0,24,-24,-100%,0,23,-23,-100%,0,12,-12,-100%,0,28,-28,-100%
/archives/3933,Direct,0,20,-20,-100%,0,20,-20,-100%,0,1,-1,-100%,0,20,-20,-100%
/archives/3672,Direct,0,14,-14,-100%,0,14,-14,-100%,0,3,-3,-100%,0,14,-14,-100%
/archives/2320,Organic Search,0,12,-12,-100%,0,11,-11,-100%,0,6,-6,-100%,0,12,-12,-100%
/jp/dhondt-calculator,Organic Search,0,12,-12,-100%,0,1,-1,-100%,0,5,-5,-100%,0,21,-21,-100%
/archives/3506,Organic Search,0,11,-11,-100%,0,10,-10,-100%,0,6,-6,-100%,0,11,-11,-100%
/archives/2353,Organic Search,0,10,-10,-100%,0,6,-6,-100%,0,6,-6,-100%,0,10,-10,-100%
/archives/240,Organic Search,0,10,-10,-100%,0,10,-10,-100%,0,6,-6,-100%,0,10,-10,-100%
/archives/2546,Organic Search,0,10,-10,-100%,0,10,-10,-100%,0,7,-7,-100%,0,10,-10,-100%
/archives/4010,Organic Search,0,10,-10,-100%,0,10,-10,-100%,0,8,-8,-100%,0,12,-12,-100%
/archives/1112,Organic Search,0,7,-7,-100%,0,5,-5,-100%,0,5,-5,-100%,0,8,-8,-100%
/archives/2124,Organic Search,0,7,-7,-100%,0,7,-7,-100%,0,3,-3,-100%,0,7,-7,-100%
/archives/2838,Direct,0,7,-7,-100%,0,7,-7,-100%,0,0,0,,0,7,-7,-100%
/archives/3115,Organic Search,0,7,-7,-100%,0,7,-7,-100%,0,6,-6,-100%,0,7,-7,-100%
/archives/362,Organic Search,0,7,-7,-100%,0,7,-7,-100%,0,5,-5,-100%,0,7,-7,-100%
/archives/2776,Organic Search,0,6,-6,-100%,0,6,-6,-100%,0,6,-6,-100%,0,6,-6,-100%
/archives/2921,Organic Search,0,6,-6,-100%,0,6,-6,-100%,0,6,-6,-100%,0,6,-6,-100%
