landingPagePlusQueryString,sessionSourceMedium,sessions_current,sessions_previous,sessions_delta,sessions_delta_pct,totalUsers_current,totalUsers_previous,totalUsers_delta,totalUsers_delta_pct,screenPageViews_current,screenPageViews_previous,screenPageViews_delta,screenPageViews_delta_pct,engagedSessions_current,engagedSessions_previous,engagedSessions_delta,engagedSessions_delta_pct
/jp/calendar/2026,bing / organic,132,0,132,,129,0,129,,703,0,703,,111,0,111,
/jp/calendar/2026/04,bing / organic,101,0,101,,87,0,87,,298,0,298,,77,0,77,
/archives/149,bing / organic,84,82,2,2.44%,75,68,7,10.29%,90,97,-7,-7.22%,17,24,-7,-29.17%
/jp/calendar/2026/05,bing / organic,65,0,65,,63,0,63,,175,0,175,,54,0,54,
(not set),bing / organic,63,56,7,12.5%,63,55,8,14.55%,0,0,0,,0,0,0,
/archives/105,google / organic,57,41,16,39.02%,56,40,16,40%,62,44,18,40.91%,38,34,4,11.76%
(not set),google / organic,40,36,4,11.11%,38,36,2,5.56%,0,0,0,,0,0,0,
/archives/4006,google / organic,25,21,4,19.05%,21,18,3,16.67%,26,27,-1,-3.7%,15,12,3,25%
/archives/411,google / organic,21,7,14,200%,18,7,11,157.14%,24,8,16,200%,13,5,8,160%
/archives/105,bing / organic,17,22,-5,-22.73%,17,20,-3,-15%,22,34,-12,-35.29%,13,18,-5,-27.78%
/archives/2590,bing / organic,17,43,-26,-60.47%,15,41,-26,-63.41%,17,49,-32,-65.31%,11,34,-23,-67.65%
/archives/3017,google / organic,17,1,16,1600%,13,1,12,1200%,17,1,16,1600%,7,0,7,
/,(direct) / (none),16,12,4,33.33%,16,12,4,33.33%,17,12,5,41.67%,1,0,1,
/archives/1166,bing / organic,16,9,7,77.78%,16,9,7,77.78%,18,11,7,63.64%,11,7,4,57.14%
/archives/3290,google / organic,16,2,14,700%,15,2,13,650%,18,2,16,800%,12,2,10,500%
/archives/240,google / organic,15,0,15,,15,0,15,,16,0,16,,8,0,8,
/archives/2590,google / organic,15,15,0,0%,14,15,-1,-6.67%,15,19,-4,-21.05%,12,10,2,20%
/archives/3999,google / organic,15,14,1,7.14%,12,13,-1,-7.69%,16,15,1,6.67%,7,10,-3,-30%
/archives/185,google / organic,14,15,-1,-6.67%,14,15,-1,-6.67%,14,18,-4,-22.22%,5,10,-5,-50%
/archives/3506,bing / organic,14,12,2,16.67%,14,12,2,16.67%,15,14,1,7.14%,9,9,0,0%
/jp/calendar/2026/06,bing / organic,14,0,14,,13,0,13,,97,0,97,,12,0,12,
/archives/209,bing / organic,12,15,-3,-20%,11,15,-4,-26.67%,15,18,-3,-16.67%,8,7,1,14.29%
/archives/2672,bing / organic,12,10,2,20%,11,9,2,22.22%,14,10,4,40%,9,3,6,200%
/archives/996,bing / organic,12,20,-8,-40%,11,18,-7,-38.89%,12,20,-8,-40%,5,14,-9,-64.29%
/jp/calendar,bing / organic,12,21,-9,-42.86%,12,19,-7,-36.84%,26,101,-75,-74.26%,9,20,-11,-55%
/articles/tsuki-betsu-kateisaien-calendar,google / organic,11,7,4,57.14%,10,7,3,42.86%,18,7,11,157.14%,5,1,4,400%
/tools/spacing,google / organic,11,11,0,0%,11,11,0,0%,13,13,0,0%,6,7,-1,-14.29%
/archives/3999,bing / organic,10,7,3,42.86%,8,7,1,14.29%,14,7,7,100%,7,5,2,40%
/archives/2395,bing / organic,9,3,6,200%,5,3,2,66.67%,11,3,8,266.67%,2,1,1,100%
/archives/2595,bing / organic,9,6,3,50%,9,6,3,50%,9,6,3,50%,6,3,3,100%
/archives/492,bing / organic,9,7,2,28.57%,9,7,2,28.57%,10,7,3,42.86%,7,6,1,16.67%
/archives/3290,yahoo / organic,8,1,7,700%,8,1,7,700%,8,1,7,700%,5,1,4,400%
/archives/4006,bing / organic,8,12,-4,-33.33%,8,12,-4,-33.33%,8,17,-9,-52.94%,2,8,-6,-75%
/archives/443,google / organic,8,11,-3,-27.27%,8,11,-3,-27.27%,9,12,-3,-25%,6,7,-1,-14.29%
/jp/calendar/2026/04,duckduckgo / organic,8,0,8,,8,0,8,,9,0,9,,4,0,4,
/archives/1083,google / organic,7,9,-2,-22.22%,6,9,-3,-33.33%,7,10,-3,-30%,4,6,-2,-33.33%
/archives/1242,bing / organic,7,7,0,0%,5,6,-1,-16.67%,8,9,-1,-11.11%,4,6,-2,-33.33%
/archives/214,bing / organic,7,2,5,250%,6,2,4,200%,7,3,4,133.33%,4,1,3,300%
/archives/3079,bing / organic,7,6,1,16.67%,7,6,1,16.67%,7,7,0,0%,5,2,3,150%
/archives/3079,google / organic,7,4,3,75%,7,4,3,75%,7,4,3,75%,6,4,2,50%
/archives/4152,bing / organic,7,6,1,16.67%,7,6,1,16.67%,7,7,0,0%,5,5,0,0%
/archives/586,bing / organic,7,5,2,40%,6,5,1,20%,7,5,2,40%,3,3,0,0%
/archives/3670,(direct) / (none),6,0,6,,5,0,5,,6,0,6,,4,0,4,
/archives/2636,google / organic,5,2,3,150%,5,2,3,150%,5,2,3,150%,5,2,3,150%
/archives/2750,google / organic,5,8,-3,-37.5%,5,8,-3,-37.5%,5,8,-3,-37.5%,4,5,-1,-20%
/archives/2776,bing / organic,5,4,1,25%,5,4,1,25%,5,4,1,25%,5,3,2,66.67%
/archives/342,google / organic,5,0,5,,3,0,3,,6,0,6,,2,0,2,
/archives/3930,bing / organic,5,2,3,150%,4,2,2,100%,5,2,3,150%,3,2,1,50%
/archives/4189,bing / organic,5,3,2,66.67%,5,2,3,150%,5,3,2,66.67%,3,2,1,50%
/archives/492,google / organic,5,2,3,150%,4,2,2,100%,5,2,3,150%,2,2,0,0%
/archives/579,google / organic,5,3,2,66.67%,3,3,0,0%,5,3,2,66.67%,1,3,-2,-66.67%
/jp/calendar/2026,duckduckgo / organic,5,0,5,,5,0,5,,18,0,18,,5,0,5,
(not set),(direct) / (none),4,8,-4,-50%,4,8,-4,-50%,0,0,0,,0,0,0,
(not set),duckduckgo / organic,4,2,2,100%,4,2,2,100%,0,0,0,,0,0,0,
/archives/2581,google / organic,4,5,-1,-20%,4,4,0,0%,4,5,-1,-20%,3,3,0,0%
/archives/2633,google / organic,4,5,-1,-20%,4,5,-1,-20%,4,5,-1,-20%,3,3,0,0%
/archives/2740,bing / organic,4,1,3,300%,3,1,2,200%,4,1,3,300%,2,0,2,
/archives/2755,google / organic,4,0,4,,4,0,4,,5,0,5,,4,0,4,
/archives/3103,bing / organic,4,1,3,300%,4,1,3,300%,5,1,4,400%,4,1,3,300%
/archives/3115,bing / organic,4,6,-2,-33.33%,4,6,-2,-33.33%,4,6,-2,-33.33%,4,4,0,0%
/archives/3200,google / organic,4,8,-4,-50%,4,7,-3,-42.86%,4,8,-4,-50%,2,4,-2,-50%
/archives/3229,google / organic,4,1,3,300%,3,1,2,200%,4,1,3,300%,2,1,1,100%
/archives/333,google / organic,4,5,-1,-20%,4,4,0,0%,4,6,-2,-33.33%,2,2,0,0%
/archives/362,bing / organic,4,8,-4,-50%,4,8,-4,-50%,7,10,-3,-30%,3,6,-3,-50%
/archives/3636,google / organic,4,4,0,0%,4,4,0,0%,4,4,0,0%,3,2,1,50%
/archives/3670,google / organic,4,7,-3,-42.86%,3,7,-4,-57.14%,6,9,-3,-33.33%,3,5,-2,-40%
/archives/579,bing / organic,4,2,2,100%,4,2,2,100%,4,2,2,100%,3,2,1,50%
/archives/583,(direct) / (none),4,0,4,,4,0,4,,4,0,4,,0,0,0,
/archives/586,google / organic,4,2,2,100%,3,2,1,50%,4,2,2,100%,1,1,0,0%
/archives/663,chatgpt.com / referral,4,5,-1,-20%,4,5,-1,-20%,5,7,-2,-28.57%,2,4,-2,-50%
/image-audio-to-video,(direct) / (none),4,0,4,,4,0,4,,5,0,5,,3,0,3,
/jp/calendar/2026/05,(direct) / (none),4,0,4,,4,0,4,,19,0,19,,3,0,3,
/archives/1060,google / organic,3,3,0,0%,3,3,0,0%,3,4,-1,-25%,3,2,1,50%
/archives/1132,bing / organic,3,0,3,,1,0,1,,3,0,3,,2,0,2,
/archives/185,yahoo / organic,3,0,3,,2,0,2,,3,0,3,,1,0,1,
/archives/2124,(direct) / (none),3,1,2,200%,3,1,2,200%,3,1,2,200%,1,0,1,
/archives/214,google / organic,3,0,3,,3,0,3,,3,0,3,,3,0,3,
/archives/2322,duckduckgo / organic,3,0,3,,3,0,3,,3,0,3,,1,0,1,
/archives/2353,google / organic,3,3,0,0%,3,3,0,0%,3,3,0,0%,2,3,-1,-33.33%
/archives/2546,cn.bing.com / referral,3,0,3,,3,0,3,,3,0,3,,3,0,3,
/archives/2550,bing / organic,3,4,-1,-25%,2,3,-1,-33.33%,3,5,-2,-40%,0,2,-2,-100%
/archives/2607,bing / organic,3,1,2,200%,3,1,2,200%,4,1,3,300%,3,1,2,200%
/archives/2617,(direct) / (none),3,0,3,,2,0,2,,3,0,3,,1,0,1,
/archives/2633,bing / organic,3,4,-1,-25%,2,4,-2,-50%,3,4,-1,-25%,1,2,-1,-50%
/archives/2678,(direct) / (none),3,0,3,,3,0,3,,3,0,3,,0,0,0,
/archives/2726,google / organic,3,0,3,,2,0,2,,3,0,3,,2,0,2,
/archives/2746,bing / organic,3,3,0,0%,3,3,0,0%,3,3,0,0%,1,1,0,0%
/archives/2770,google / organic,3,0,3,,3,0,3,,4,0,4,,2,0,2,
/archives/2968,bing / organic,3,4,-1,-25%,3,4,-1,-25%,6,4,2,50%,3,3,0,0%
/archives/3011,(direct) / (none),3,0,3,,3,0,3,,3,0,3,,0,0,0,
/archives/3017,yahoo / organic,3,0,3,,3,0,3,,3,0,3,,2,0,2,
/archives/3310,bing / organic,3,1,2,200%,3,1,2,200%,3,1,2,200%,2,1,1,100%
/archives/3410,google / organic,3,2,1,50%,1,1,0,0%,3,2,1,50%,0,0,0,
/archives/3773,bing / organic,3,5,-2,-40%,3,5,-2,-40%,3,5,-2,-40%,3,3,0,0%
/archives/3999,confluence.daj-net.daj.co.jp:8443 / referral,3,0,3,,2,0,2,,3,0,3,,2,0,2,
/archives/4185,google / organic,3,0,3,,3,0,3,,4,0,4,,3,0,3,
/archives/4202,google / organic,3,0,3,,3,0,3,,3,0,3,,3,0,3,
/archives/4204,google / organic,3,0,3,,2,0,2,,4,0,4,,3,0,3,
/archives/427,google / organic,3,0,3,,3,0,3,,3,0,3,,1,0,1,
/archives/439,google / organic,3,2,1,50%,3,2,1,50%,3,2,1,50%,2,2,0,0%
/archives/443,yahoo / organic,3,0,3,,3,0,3,,3,0,3,,1,0,1,
/archives/580,bing / organic,3,3,0,0%,3,3,0,0%,3,3,0,0%,2,2,0,0%
/archives/588,bing / organic,3,1,2,200%,3,1,2,200%,3,1,2,200%,1,0,1,
/archives/598,bing / organic,3,2,1,50%,3,2,1,50%,3,3,0,0%,3,1,2,200%
/archives/633,google / organic,3,14,-11,-78.57%,3,13,-10,-76.92%,6,17,-11,-64.71%,2,5,-3,-60%
/archives/865,google / organic,3,0,3,,3,0,3,,3,0,3,,1,0,1,
/articles/tsuki-betsu-kateisaien-calendar,openai / organic,3,0,3,,3,0,3,,3,0,3,,3,0,3,
/jp/calendar/2026/04,(direct) / (none),3,0,3,,3,0,3,,3,0,3,,0,0,0,
(not set),yahoo / organic,2,0,2,,2,0,2,,0,0,0,,0,0,0,
/,google / organic,2,1,1,100%,2,1,1,100%,2,7,-5,-71.43%,0,1,-1,-100%
/archives/105,(direct) / (none),2,1,1,100%,2,1,1,100%,2,1,1,100%,2,0,2,
/archives/1060,bing / organic,2,0,2,,2,0,2,,2,0,2,,1,0,1,
/archives/1112,bing / organic,2,1,1,100%,2,1,1,100%,2,1,1,100%,0,1,-1,-100%
/archives/1468,google / organic,2,3,-1,-33.33%,2,2,0,0%,2,3,-1,-33.33%,1,2,-1,-50%
/archives/185,(direct) / (none),2,1,1,100%,2,1,1,100%,2,2,0,0%,0,1,-1,-100%
/archives/185,bing / organic,2,0,2,,2,0,2,,2,0,2,,1,0,1,
/archives/2124,bing / organic,2,2,0,0%,2,2,0,0%,2,2,0,0%,1,1,0,0%
/archives/218,bing / organic,2,3,-1,-33.33%,2,3,-1,-33.33%,3,3,0,0%,2,2,0,0%
/archives/2250,bing / organic,2,2,0,0%,2,2,0,0%,2,2,0,0%,1,1,0,0%
/archives/2301,google / organic,2,2,0,0%,2,2,0,0%,2,2,0,0%,1,0,1,
/archives/2348,bing / organic,2,0,2,,2,0,2,,2,0,2,,1,0,1,
/archives/2501,bing / organic,2,0,2,,2,0,2,,2,0,2,,2,0,2,
/archives/2546,(direct) / (none),2,1,1,100%,2,1,1,100%,2,1,1,100%,0,1,-1,-100%
/archives/2546,bing / organic,2,1,1,100%,2,1,1,100%,2,1,1,100%,2,1,1,100%
/archives/2665,google / organic,2,0,2,,1,0,1,,2,0,2,,1,0,1,
/archives/2668,google / organic,2,0,2,,2,0,2,,2,0,2,,0,0,0,
/archives/2750,(direct) / (none),2,4,-2,-50%,2,4,-2,-50%,3,4,-1,-25%,1,3,-2,-66.67%
/archives/2937,bing / organic,2,2,0,0%,2,2,0,0%,2,2,0,0%,1,2,-1,-50%
/archives/2964,bing / organic,2,0,2,,2,0,2,,2,0,2,,1,0,1,
/archives/3079,github.com / referral,2,0,2,,1,0,1,,2,0,2,,1,0,1,
/archives/3200,bing / organic,2,2,0,0%,2,1,1,100%,2,2,0,0%,2,0,2,
/archives/3290,(direct) / (none),2,0,2,,1,0,1,,2,0,2,,0,0,0,
/archives/3301,bing / organic,2,7,-5,-71.43%,2,6,-4,-66.67%,2,8,-6,-75%,2,5,-3,-60%
/archives/3301,google / organic,2,1,1,100%,2,1,1,100%,2,1,1,100%,2,0,2,
/archives/358,google / organic,2,2,0,0%,2,2,0,0%,2,2,0,0%,1,2,-1,-50%
/archives/3622,google / organic,2,2,0,0%,2,2,0,0%,2,2,0,0%,1,2,-1,-50%
/archives/3636,bing / organic,2,0,2,,1,0,1,,2,0,2,,0,0,0,
/archives/3640,google / organic,2,0,2,,2,0,2,,2,0,2,,2,0,2,
/archives/3672,(direct) / (none),2,1,1,100%,2,1,1,100%,2,1,1,100%,0,0,0,
/archives/3672,google / organic,2,2,0,0%,2,2,0,0%,2,3,-1,-33.33%,1,1,0,0%
/archives/3792,bing / organic,2,0,2,,2,0,2,,2,0,2,,2,0,2,
/archives/3933,(direct) / (none),2,1,1,100%,2,1,1,100%,2,1,1,100%,0,0,0,
/archives/3999,duckduckgo / organic,2,1,1,100%,2,1,1,100%,2,1,1,100%,1,1,0,0%
/archives/4003,bing / organic,2,0,2,,1,0,1,,2,0,2,,0,0,0,
/archives/4025,google / organic,2,4,-2,-50%,2,4,-2,-50%,2,4,-2,-50%,2,4,-2,-50%
/archives/4028,(direct) / (none),2,0,2,,2,0,2,,2,0,2,,1,0,1,
/archives/4161,google / organic,2,2,0,0%,2,2,0,0%,2,2,0,0%,2,2,0,0%
/archives/420,google / organic,2,2,0,0%,2,2,0,0%,2,2,0,0%,2,0,2,
/archives/4207,google / organic,2,0,2,,2,0,2,,2,0,2,,2,0,2,
/archives/427,bing / organic,2,0,2,,2,0,2,,2,0,2,,1,0,1,
/archives/439,bing / organic,2,2,0,0%,2,2,0,0%,2,2,0,0%,1,2,-1,-50%
/archives/586,(direct) / (none),2,0,2,,2,0,2,,3,0,3,,2,0,2,
/archives/598,cn.bing.com / referral,2,1,1,100%,2,1,1,100%,2,1,1,100%,1,0,1,
/archives/621,bing / organic,2,2,0,0%,1,2,-1,-50%,2,2,0,0%,0,1,-1,-100%
/archives/656,us.search.yahoo.com / referral,2,0,2,,1,0,1,,2,0,2,,1,0,1,
/archives/658,bing / organic,2,6,-4,-66.67%,2,6,-4,-66.67%,2,6,-4,-66.67%,2,6,-4,-66.67%
/archives/663,(direct) / (none),2,0,2,,2,0,2,,2,0,2,,0,0,0,
/archives/724,(direct) / (none),2,1,1,100%,2,1,1,100%,2,1,1,100%,0,0,0,
/archives/734,bing / organic,2,0,2,,1,0,1,,2,0,2,,0,0,0,
/archives/947,bing / organic,2,1,1,100%,1,1,0,0%,8,1,7,700%,2,1,1,100%
/archives/category/errors/wordpress-errors,(direct) / (none),2,0,2,,2,0,2,,2,0,2,,0,0,0,
/archives/tag/access-denied,(direct) / (none),2,0,2,,2,0,2,,2,0,2,,0,0,0,
/archives/tag/kimi,(direct) / (none),2,0,2,,2,0,2,,2,0,2,,0,0,0,
/archives/tag/sticky-notes,(direct) / (none),2,0,2,,2,0,2,,2,0,2,,0,0,0,
/archives/tag/wordpress,(direct) / (none),2,0,2,,2,0,2,,2,0,2,,0,0,0,
/archives/tag/障害,(direct) / (none),2,0,2,,2,0,2,,2,0,2,,0,0,0,
/articles/tsuki-betsu-kateisaien-calendar,(direct) / (none),2,1,1,100%,2,1,1,100%,3,1,2,200%,1,0,1,
/articles/tsuki-betsu-kateisaien-calendar,openai / (not set),2,0,2,,2,0,2,,2,0,2,,2,0,2,
/articles/tsuki-betsu-kateisaien-calendar,yahoo / organic,2,3,-1,-33.33%,2,3,-1,-33.33%,2,3,-1,-33.33%,0,3,-3,-100%
/file-size-converter,(direct) / (none),2,0,2,,2,0,2,,2,0,2,,0,0,0,
/jp/calendar,chatgpt.com / referral,2,0,2,,1,0,1,,119,0,119,,2,0,2,
/jp/calendar/2026/05,duckduckgo / organic,2,0,2,,2,0,2,,4,0,4,,2,0,2,
/jp/dhondt-calculator,(direct) / (none),2,1,1,100%,2,1,1,100%,6,1,5,500%,1,0,1,
/jp/dhondt-calculator,bing / organic,2,0,2,,2,0,2,,4,0,4,,2,0,2,
/pitch-viewer,(direct) / (none),2,2,0,0%,2,2,0,0%,2,2,0,0%,1,0,1,
/pitch-viewer?need_sec_link=1&sec_link_scene=im,(direct) / (none),2,0,2,,2,0,2,,2,0,2,,0,0,0,
/sqlite-viewer,(direct) / (none),2,0,2,,2,0,2,,2,0,2,,1,0,1,
(not set),(not set),1,1,0,0%,1,1,0,0%,0,0,0,,0,0,0,
(not set),chatgpt.com / referral,1,1,0,0%,1,1,0,0%,0,0,0,,0,0,0,
(not set),cn.bing.com / referral,1,0,1,,1,0,1,,0,0,0,,0,0,0,
(not set),confluence.daj-net.daj.co.jp:8443 / referral,1,0,1,,1,0,1,,0,0,0,,0,0,0,
(not set),copilot.com / referral,1,0,1,,1,0,1,,0,0,0,,0,0,0,
(not set),github.com / referral,1,0,1,,1,0,1,,0,0,0,,0,0,0,
(not set),hitachigroup.okta.com / referral,1,0,1,,1,0,1,,0,0,0,,0,0,0,
/,docs.google.com / referral,1,0,1,,1,0,1,,1,0,1,,0,0,0,
/about,(direct) / (none),1,0,1,,1,0,1,,1,0,1,,0,0,0,
/archives/1045,google / organic,1,0,1,,1,0,1,,1,0,1,,1,0,1,
/archives/1049,google / organic,1,1,0,0%,1,1,0,0%,1,1,0,0%,1,0,1,
/archives/105,(not set),1,0,1,,1,0,1,,1,0,1,,0,0,0,
/archives/105,perplexity.ai / referral,1,0,1,,1,0,1,,2,0,2,,1,0,1,
/archives/105,yahoo / organic,1,1,0,0%,1,1,0,0%,1,1,0,0%,0,1,-1,-100%
/archives/1083,bing / organic,1,1,0,0%,1,1,0,0%,1,1,0,0%,1,1,0,0%
/archives/1083,yahoo / organic,1,0,1,,1,0,1,,1,0,1,,0,0,0,
/archives/1119,yahoo / organic,1,0,1,,1,0,1,,1,0,1,,1,0,1,
/archives/1141,bing / organic,1,2,-1,-50%,1,2,-1,-50%,1,2,-1,-50%,1,1,0,0%
/archives/1166,google / organic,1,1,0,0%,1,1,0,0%,1,1,0,0%,1,1,0,0%
/archives/118,google / organic,1,0,1,,1,0,1,,1,0,1,,0,0,0,
/archives/1250,bing / organic,1,1,0,0%,1,1,0,0%,1,1,0,0%,1,1,0,0%
/archives/1319,google / organic,1,0,1,,1,0,1,,2,0,2,,1,0,1,
/archives/140,google / organic,1,1,0,0%,1,1,0,0%,1,1,0,0%,0,0,0,
/archives/146,bing / organic,1,1,0,0%,1,1,0,0%,1,1,0,0%,1,1,0,0%
/archives/152,google / organic,1,0,1,,1,0,1,,1,0,1,,1,0,1,
/archives/158,google / organic,1,2,-1,-50%,1,2,-1,-50%,2,2,0,0%,1,2,-1,-50%
/archives/192,google / organic,1,0,1,,1,0,1,,2,0,2,,1,0,1,
/archives/1959,bing / organic,1,0,1,,1,0,1,,3,0,3,,1,0,1,
/archives/197,(direct) / (none),1,1,0,0%,1,1,0,0%,2,2,0,0%,1,1,0,0%
/archives/197,bing / organic,1,0,1,,1,0,1,,1,0,1,,1,0,1,
/archives/197,google / organic,1,0,1,,1,0,1,,1,0,1,,1,0,1,
/archives/2039,(direct) / (none),1,0,1,,1,0,1,,1,0,1,,1,0,1,
/archives/209,duckduckgo / organic,1,0,1,,1,0,1,,1,0,1,,0,0,0,
/archives/2100,google / organic,1,1,0,0%,1,1,0,0%,1,1,0,0%,1,1,0,0%
/archives/2114,bing / organic,1,1,0,0%,1,1,0,0%,1,1,0,0%,0,1,-1,-100%
/archives/2173,bing / organic,1,0,1,,1,0,1,,1,0,1,,1,0,1,
/archives/218,google / organic,1,3,-2,-66.67%,1,3,-2,-66.67%,1,3,-2,-66.67%,0,2,-2,-100%
/archives/2199,google / organic,1,0,1,,1,0,1,,1,0,1,,1,0,1,
/archives/2199,perplexity.ai / referral,1,0,1,,1,0,1,,1,0,1,,0,0,0,
/archives/2215,bing / organic,1,0,1,,1,0,1,,1,0,1,,1,0,1,
/archives/2256,bing / organic,1,3,-2,-66.67%,1,3,-2,-66.67%,1,3,-2,-66.67%,0,3,-3,-100%
/archives/2268,bing / organic,1,6,-5,-83.33%,1,6,-5,-83.33%,1,6,-5,-83.33%,1,4,-3,-75%
/archives/2306,bing / organic,1,4,-3,-75%,1,4,-3,-75%,1,4,-3,-75%,0,2,-2,-100%
/archives/2348,google / organic,1,0,1,,1,0,1,,1,0,1,,1,0,1,
/archives/2359,(direct) / (none),1,0,1,,1,0,1,,1,0,1,,0,0,0,
/archives/2381,google / organic,1,0,1,,1,0,1,,1,0,1,,0,0,0,
/archives/240,bing / organic,1,0,1,,1,0,1,,1,0,1,,1,0,1,
/archives/2401,google / organic,1,0,1,,1,0,1,,1,0,1,,0,0,0,
/archives/2424,(direct) / (none),1,0,1,,1,0,1,,2,0,2,,1,0,1,
/archives/2451,(direct) / (none),1,0,1,,1,0,1,,1,0,1,,0,0,0,
/archives/2501,(direct) / (none),1,0,1,,1,0,1,,1,0,1,,1,0,1,
/archives/2544,bing / organic,1,1,0,0%,1,1,0,0%,1,1,0,0%,1,1,0,0%
/archives/2546,duckduckgo / organic,1,1,0,0%,1,1,0,0%,1,1,0,0%,1,1,0,0%
/archives/2550,duckduckgo / organic,1,0,1,,1,0,1,,1,0,1,,0,0,0,
/archives/2553,(direct) / (none),1,0,1,,1,0,1,,1,0,1,,0,0,0,
/archives/2553,bing / organic,1,0,1,,1,0,1,,1,0,1,,1,0,1,
/archives/2581,(direct) / (none),1,0,1,,1,0,1,,1,0,1,,1,0,1,
/archives/2581,yahoo / organic,1,0,1,,1,0,1,,1,0,1,,0,0,0,
/archives/2590,yahoo / organic,1,2,-1,-50%,1,2,-1,-50%,1,2,-1,-50%,1,2,-1,-50%
/archives/2595,duckduckgo / organic,1,0,1,,1,0,1,,1,0,1,,1,0,1,
/archives/2607,google / organic,1,3,-2,-66.67%,1,3,-2,-66.67%,1,3,-2,-66.67%,1,1,0,0%
/archives/2633,ecosia.org / organic,1,0,1,,1,0,1,,1,0,1,,1,0,1,
/archives/2652,duckduckgo / organic,1,0,1,,1,0,1,,1,0,1,,1,0,1,
/archives/2655,duckduckgo / organic,1,0,1,,1,0,1,,1,0,1,,0,0,0,
/archives/2658,bing / organic,1,0,1,,1,0,1,,2,0,2,,1,0,1,
/archives/2665,bing / organic,1,3,-2,-66.67%,1,3,-2,-66.67%,1,4,-3,-75%,0,1,-1,-100%
/archives/2672,google / organic,1,1,0,0%,1,1,0,0%,1,2,-1,-50%,0,1,-1,-100%
/archives/2697,bing / organic,1,0,1,,1,0,1,,1,0,1,,1,0,1,
/archives/274,(direct) / (none),1,2,-1,-50%,1,2,-1,-50%,1,3,-2,-66.67%,1,2,-1,-50%
/archives/274,bing / organic,1,0,1,,1,0,1,,1,0,1,,0,0,0,
/archives/2750,yahoo / organic,1,0,1,,1,0,1,,1,0,1,,1,0,1,
/archives/2755,bing / organic,1,5,-4,-80%,1,5,-4,-80%,2,5,-3,-60%,1,3,-2,-66.67%
/archives/2786,bing / organic,1,1,0,0%,1,1,0,0%,2,1,1,100%,1,1,0,0%
/archives/2809,(direct) / (none),1,0,1,,1,0,1,,1,0,1,,0,0,0,
/archives/2835,bing / organic,1,0,1,,1,0,1,,1,0,1,,0,0,0,
/archives/2838,bing / organic,1,0,1,,1,0,1,,1,0,1,,1,0,1,
/archives/2919,(direct) / (none),1,0,1,,1,0,1,,1,0,1,,0,0,0,
/archives/2937,google / organic,1,0,1,,1,0,1,,1,0,1,,0,0,0,
/archives/2955,(direct) / (none),1,0,1,,1,0,1,,1,0,1,,0,0,0,
/archives/2964,google / organic,1,0,1,,1,0,1,,1,0,1,,1,0,1,
/archives/2973,(direct) / (none),1,0,1,,1,0,1,,1,0,1,,1,0,1,
/archives/2991,bing / organic,1,1,0,0%,1,1,0,0%,2,1,1,100%,1,0,1,
/archives/2994,google / organic,1,0,1,,1,0,1,,1,0,1,,0,0,0,
/archives/3011,google / organic,1,0,1,,1,0,1,,1,0,1,,0,0,0,
/archives/3094,(direct) / (none),1,0,1,,1,0,1,,1,0,1,,1,0,1,
/archives/3118,bing / organic,1,0,1,,1,0,1,,1,0,1,,0,0,0,
/archives/3121,doubao.com / referral,1,0,1,,1,0,1,,1,0,1,,1,0,1,
/archives/3136,(direct) / (none),1,2,-1,-50%,1,2,-1,-50%,1,3,-2,-66.67%,1,2,-1,-50%
/archives/3151,google / organic,1,0,1,,1,0,1,,1,0,1,,1,0,1,
/archives/3155,bing / organic,1,0,1,,1,0,1,,1,0,1,,1,0,1,
/archives/3189,bing / organic,1,2,-1,-50%,1,2,-1,-50%,1,2,-1,-50%,0,1,-1,-100%
/archives/3189,ecosia.org / organic,1,0,1,,1,0,1,,1,0,1,,0,0,0,
/archives/3200,(direct) / (none),1,1,0,0%,1,1,0,0%,1,1,0,0%,1,0,1,
/archives/3205,(direct) / (none),1,3,-2,-66.67%,1,3,-2,-66.67%,1,3,-2,-66.67%,0,0,0,
/archives/3211,bing / organic,1,0,1,,1,0,1,,1,0,1,,1,0,1,
/archives/3217,(direct) / (none),1,0,1,,1,0,1,,1,0,1,,0,0,0,
/archives/3224,(direct) / (none),1,1,0,0%,1,1,0,0%,1,3,-2,-66.67%,0,1,-1,-100%
/archives/3273,google / organic,1,2,-1,-50%,1,2,-1,-50%,1,2,-1,-50%,1,0,1,
/archives/3285,google / organic,1,1,0,0%,1,1,0,0%,1,1,0,0%,1,0,1,
/archives/333,(direct) / (none),1,0,1,,1,0,1,,1,0,1,,0,0,0,
/archives/3333,google / organic,1,0,1,,1,0,1,,1,0,1,,1,0,1,
/archives/3346,(direct) / (none),1,0,1,,1,0,1,,1,0,1,,0,0,0,
/archives/3404,(direct) / (none),1,1,0,0%,1,1,0,0%,1,2,-1,-50%,0,1,-1,-100%
/archives/3435,bing / organic,1,0,1,,1,0,1,,1,0,1,,1,0,1,
/archives/3458,(direct) / (none),1,0,1,,1,0,1,,1,0,1,,0,0,0,
/archives/3458,duckduckgo / organic,1,1,0,0%,1,1,0,0%,1,1,0,0%,1,0,1,
/archives/3506,(direct) / (none),1,0,1,,1,0,1,,1,0,1,,0,0,0,
/archives/358,bing / organic,1,0,1,,1,0,1,,1,0,1,,1,0,1,
/archives/3580,(direct) / (none),1,0,1,,1,0,1,,1,0,1,,0,0,0,
/archives/362,duckduckgo / organic,1,0,1,,1,0,1,,1,0,1,,1,0,1,
/archives/3645,google / organic,1,0,1,,1,0,1,,1,0,1,,0,0,0,
/archives/365,google / organic,1,2,-1,-50%,1,1,0,0%,1,3,-2,-66.67%,1,2,-1,-50%
/archives/3670,bing / organic,1,2,-1,-50%,1,1,0,0%,1,2,-1,-50%,0,1,-1,-100%
/archives/3672,bing / organic,1,5,-4,-80%,1,5,-4,-80%,1,6,-5,-83.33%,0,4,-4,-100%
/archives/3763,(direct) / (none),1,0,1,,1,0,1,,1,0,1,,0,0,0,
/archives/3763,google / organic,1,0,1,,1,0,1,,1,0,1,,1,0,1,
/archives/3776,bing / organic,1,2,-1,-50%,1,2,-1,-50%,1,2,-1,-50%,1,2,-1,-50%
/archives/3788,bing / organic,1,0,1,,1,0,1,,1,0,1,,1,0,1,
/archives/3792,(direct) / (none),1,0,1,,1,0,1,,1,0,1,,0,0,0,
/archives/3792,google / organic,1,0,1,,1,0,1,,3,0,3,,1,0,1,
/archives/3796,bing / organic,1,0,1,,1,0,1,,2,0,2,,1,0,1,
/archives/3890,(direct) / (none),1,0,1,,1,0,1,,1,0,1,,0,0,0,
/archives/3909,perplexity.ai / referral,1,0,1,,1,0,1,,1,0,1,,0,0,0,
/archives/391,(direct) / (none),1,0,1,,1,0,1,,1,0,1,,0,0,0,
/archives/3930,google / organic,1,2,-1,-50%,1,2,-1,-50%,1,2,-1,-50%,1,1,0,0%
/archives/3933,bing / organic,1,1,0,0%,1,1,0,0%,1,1,0,0%,0,0,0,
/archives/3954,(direct) / (none),1,0,1,,1,0,1,,1,0,1,,0,0,0,
/archives/3954,openai / organic,1,0,1,,1,0,1,,1,0,1,,1,0,1,
/archives/3966,(direct) / (none),1,1,0,0%,1,1,0,0%,1,1,0,0%,0,0,0,
/archives/3981,(direct) / (none),1,0,1,,1,0,1,,1,0,1,,0,0,0,
/archives/3986,(direct) / (none),1,0,1,,1,0,1,,1,0,1,,0,0,0,
/archives/3995,chatgpt.com / (not set),1,0,1,,1,0,1,,1,0,1,,1,0,1,
/archives/4006,(direct) / (none),1,1,0,0%,1,1,0,0%,1,1,0,0%,0,0,0,
/archives/4010,bing / organic,1,1,0,0%,1,1,0,0%,1,1,0,0%,0,0,0,
/archives/4012,claude.ai / referral,1,0,1,,1,0,1,,1,0,1,,0,0,0,
/archives/4015,google / organic,1,1,0,0%,1,1,0,0%,1,1,0,0%,1,1,0,0%
/archives/4025,(direct) / (none),1,1,0,0%,1,1,0,0%,1,1,0,0%,0,0,0,
/archives/4025,bing / organic,1,0,1,,1,0,1,,1,0,1,,1,0,1,
/archives/4027,google / organic,1,2,-1,-50%,1,2,-1,-50%,1,2,-1,-50%,0,0,0,
/archives/4048,(direct) / (none),1,0,1,,1,0,1,,1,0,1,,0,0,0,
/archives/4103,(direct) / (none),1,0,1,,1,0,1,,1,0,1,,1,0,1,
/archives/4108,yahoo / organic,1,0,1,,1,0,1,,1,0,1,,1,0,1,
/archives/4161,duckduckgo / organic,1,0,1,,1,0,1,,1,0,1,,0,0,0,
/archives/4163,(direct) / (none),1,1,0,0%,1,1,0,0%,1,1,0,0%,0,0,0,
/archives/4172,google / organic,1,0,1,,1,0,1,,1,0,1,,1,0,1,
/archives/4183,google / organic,1,0,1,,1,0,1,,1,0,1,,1,0,1,
/archives/4189,(direct) / (none),1,0,1,,1,0,1,,1,0,1,,0,0,0,
/archives/4189,google / organic,1,4,-3,-75%,1,4,-3,-75%,1,4,-3,-75%,1,4,-3,-75%
/archives/420,yahoo / organic,1,0,1,,1,0,1,,1,0,1,,0,0,0,
/archives/4202,(direct) / (none),1,0,1,,1,0,1,,1,0,1,,0,0,0,
/archives/4202,t.co / referral,1,0,1,,1,0,1,,1,0,1,,1,0,1,
/archives/4204,(direct) / (none),1,0,1,,1,0,1,,1,0,1,,0,0,0,
/archives/4204,bing / organic,1,0,1,,1,0,1,,1,0,1,,1,0,1,
/archives/4207,(direct) / (none),1,0,1,,1,0,1,,1,0,1,,0,0,0,
/archives/4210,(direct) / (none),1,0,1,,1,0,1,,1,0,1,,0,0,0,
/archives/429,bing / organic,1,0,1,,1,0,1,,1,0,1,,0,0,0,
/archives/429,google / organic,1,0,1,,1,0,1,,1,0,1,,1,0,1,
/archives/492,duckduckgo / organic,1,0,1,,1,0,1,,1,0,1,,0,0,0,
/archives/51,bing / organic,1,2,-1,-50%,1,2,-1,-50%,1,2,-1,-50%,1,1,0,0%
/archives/532,t.co / referral,1,0,1,,1,0,1,,1,0,1,,1,0,1,
/archives/554,duckduckgo / organic,1,0,1,,1,0,1,,2,0,2,,1,0,1,
/archives/570,openai / (not set),1,0,1,,1,0,1,,1,0,1,,1,0,1,
/archives/572,(direct) / (none),1,1,0,0%,1,1,0,0%,1,1,0,0%,0,0,0,
/archives/572,bing / organic,1,0,1,,1,0,1,,1,0,1,,1,0,1,
/archives/579,copilot.com / referral,1,0,1,,1,0,1,,1,0,1,,1,0,1,
/archives/580,duckduckgo / organic,1,0,1,,1,0,1,,1,0,1,,1,0,1,
/archives/580,yahoo / organic,1,0,1,,1,0,1,,1,0,1,,0,0,0,
/archives/583,duckduckgo / organic,1,0,1,,1,0,1,,1,0,1,,0,0,0,
/archives/596,(direct) / (none),1,0,1,,1,0,1,,1,0,1,,1,0,1,
/archives/598,(direct) / (none),1,0,1,,1,0,1,,2,0,2,,1,0,1,
/archives/604,(direct) / (none),1,1,0,0%,1,1,0,0%,1,1,0,0%,0,0,0,
/archives/62,yahoo / organic,1,0,1,,1,0,1,,1,0,1,,1,0,1,
/archives/633,duckduckgo / organic,1,0,1,,1,0,1,,1,0,1,,1,0,1,
/archives/633,yahoo / organic,1,2,-1,-50%,1,2,-1,-50%,1,4,-3,-75%,0,2,-2,-100%
/archives/639,(direct) / (none),1,0,1,,1,0,1,,1,0,1,,0,0,0,
/archives/639,duckduckgo / organic,1,1,0,0%,1,1,0,0%,1,1,0,0%,1,1,0,0%
/archives/647,(direct) / (none),1,0,1,,1,0,1,,2,0,2,,1,0,1,
/archives/654,google / organic,1,0,1,,1,0,1,,1,0,1,,1,0,1,
/archives/656,(direct) / (none),1,0,1,,1,0,1,,1,0,1,,0,0,0,
/archives/663,bing / organic,1,4,-3,-75%,1,4,-3,-75%,1,4,-3,-75%,1,3,-2,-66.67%
/archives/670,google / organic,1,5,-4,-80%,1,5,-4,-80%,1,5,-4,-80%,1,4,-3,-75%
/archives/677,google / organic,1,0,1,,1,0,1,,1,0,1,,1,0,1,
/archives/700,bing / organic,1,1,0,0%,1,1,0,0%,1,1,0,0%,0,0,0,
/archives/706,bing / organic,1,0,1,,1,0,1,,1,0,1,,0,0,0,
/archives/711,bing / organic,1,1,0,0%,1,1,0,0%,1,1,0,0%,0,1,-1,-100%
/archives/711,google / organic,1,0,1,,1,0,1,,1,0,1,,1,0,1,
/archives/727,(direct) / (none),1,2,-1,-50%,1,2,-1,-50%,1,2,-1,-50%,0,0,0,
/archives/732,bing / organic,1,0,1,,1,0,1,,1,0,1,,0,0,0,
/archives/781,chatgpt.com / referral,1,0,1,,1,0,1,,2,0,2,,1,0,1,
/archives/813,(direct) / (none),1,0,1,,1,0,1,,1,0,1,,0,0,0,
/archives/841,bing / organic,1,1,0,0%,1,1,0,0%,1,1,0,0%,0,1,-1,-100%
/archives/856,(direct) / (none),1,0,1,,1,0,1,,1,0,1,,0,0,0,
/archives/883,(direct) / (none),1,0,1,,1,0,1,,1,0,1,,1,0,1,
/archives/888,(direct) / (none),1,0,1,,1,0,1,,1,0,1,,0,0,0,
/archives/888,bing / organic,1,0,1,,1,0,1,,1,0,1,,1,0,1,
/archives/888,duckduckgo / organic,1,0,1,,1,0,1,,1,0,1,,0,0,0,
/archives/891,t.co / referral,1,0,1,,1,0,1,,1,0,1,,0,0,0,
/archives/939,(direct) / (none),1,0,1,,1,0,1,,1,0,1,,0,0,0,
/archives/977,(direct) / (none),1,0,1,,1,0,1,,1,0,1,,0,0,0,
/archives/994,(direct) / (none),1,0,1,,1,0,1,,1,0,1,,1,0,1,
/archives/996,(direct) / (none),1,0,1,,1,0,1,,1,0,1,,0,0,0,
/archives/996,copilot.com / referral,1,0,1,,1,0,1,,1,0,1,,0,0,0,
/archives/996,hitachigroup.okta.com / referral,1,0,1,,1,0,1,,1,0,1,,0,0,0,
/archives/999,(direct) / (none),1,0,1,,1,0,1,,1,0,1,,0,0,0,
/archives/category/errors/chatgpt,(direct) / (none),1,0,1,,1,0,1,,1,0,1,,0,0,0,
/archives/category/errors/copiloterro,(direct) / (none),1,0,1,,1,0,1,,1,0,1,,0,0,0,
/archives/category/errors/python-errors,(direct) / (none),1,0,1,,1,0,1,,1,0,1,,0,0,0,
/archives/category/errors/win-errror,(direct) / (none),1,0,1,,1,0,1,,1,0,1,,0,0,0,
/archives/category/uncategorized,google / organic,1,0,1,,1,0,1,,4,0,4,,1,0,1,
/archives/category/ガジェット/再生機機,(direct) / (none),1,0,1,,1,0,1,,1,0,1,,0,0,0,
/archives/category/広告tips/amazonassociate,google / organic,1,0,1,,1,0,1,,2,0,2,,1,0,1,
/archives/tag/504,(direct) / (none),1,0,1,,1,0,1,,1,0,1,,0,0,0,
/archives/tag/ai-agent,(direct) / (none),1,0,1,,1,0,1,,1,0,1,,0,0,0,
/archives/tag/ai-gateway,(direct) / (none),1,1,0,0%,1,1,0,0%,1,1,0,0%,0,0,0,
/archives/tag/aiエージェント,(direct) / (none),1,0,1,,1,0,1,,1,0,1,,0,0,0,
/archives/tag/blogging,(direct) / (none),1,0,1,,1,0,1,,1,0,1,,0,0,0,
/archives/tag/chrome,(direct) / (none),1,0,1,,1,0,1,,1,0,1,,0,0,0,
/archives/tag/cli,(direct) / (none),1,0,1,,1,0,1,,1,0,1,,0,0,0,
/archives/tag/coding,(direct) / (none),1,0,1,,1,0,1,,1,0,1,,0,0,0,
/archives/tag/copilot,(direct) / (none),1,0,1,,1,0,1,,1,0,1,,0,0,0,
/archives/tag/critical-error,(direct) / (none),1,0,1,,1,0,1,,1,0,1,,0,0,0,
/archives/tag/deploy,(direct) / (none),1,0,1,,1,0,1,,1,0,1,,0,0,0,
/archives/tag/driveapp,(direct) / (none),1,0,1,,1,0,1,,1,0,1,,0,0,0,
/archives/tag/gas,(direct) / (none),1,0,1,,1,0,1,,1,0,1,,0,0,0,
/archives/tag/gemini-api,(direct) / (none),1,0,1,,1,0,1,,1,0,1,,0,0,0,
/archives/tag/github-copilot,(direct) / (none),1,0,1,,1,0,1,,1,0,1,,0,0,0,
/archives/tag/glm-4-7,(direct) / (none),1,0,1,,1,0,1,,1,0,1,,0,0,0,
/archives/tag/google-apps-script,(direct) / (none),1,0,1,,1,0,1,,1,0,1,,0,0,0,
/archives/tag/google-business-profile,(direct) / (none),1,1,0,0%,1,1,0,0%,1,1,0,0%,0,0,0,
/archives/tag/google-search,(direct) / (none),1,0,1,,1,0,1,,1,0,1,,0,0,0,
/archives/tag/google-search-console,(direct) / (none),1,1,0,0%,1,1,0,0%,1,1,0,0%,0,0,0,
/archives/tag/is-gd,(direct) / (none),1,0,1,,1,0,1,,1,0,1,,0,0,0,
/archives/tag/kdp,(direct) / (none),1,0,1,,1,0,1,,1,0,1,,0,0,0,
/archives/tag/kindle,(direct) / (none),1,0,1,,1,0,1,,1,0,1,,0,0,0,
/archives/tag/openai,(direct) / (none),1,0,1,,1,0,1,,1,0,1,,0,0,0,
/archives/tag/redirect,(direct) / (none),1,0,1,,1,0,1,,1,0,1,,0,0,0,
/archives/tag/smartphone,(direct) / (none),1,0,1,,1,0,1,,1,0,1,,0,0,0,
/archives/tag/spend-cap,(direct) / (none),1,0,1,,1,0,1,,1,0,1,,0,0,0,
/archives/tag/tauri,(direct) / (none),1,0,1,,1,0,1,,1,0,1,,0,0,0,
/archives/tag/tools,(direct) / (none),1,0,1,,1,0,1,,1,0,1,,0,0,0,
/archives/tag/translation,(direct) / (none),1,0,1,,1,0,1,,1,0,1,,0,0,0,
/archives/tag/trinity,(direct) / (none),1,0,1,,1,0,1,,1,0,1,,0,0,0,
/archives/tag/url短縮,(direct) / (none),1,0,1,,1,0,1,,1,0,1,,0,0,0,
/archives/tag/url解析,(direct) / (none),1,0,1,,1,0,1,,1,0,1,,0,0,0,
/archives/tag/vercel,(direct) / (none),1,0,1,,1,0,1,,1,0,1,,0,0,0,
/archives/tag/web-development,(direct) / (none),1,0,1,,1,0,1,,1,0,1,,0,0,0,
/archives/tag/ココナラ,(direct) / (none),1,0,1,,1,0,1,,1,0,1,,0,0,0,
/archives/tag/ショートカット,(direct) / (none),1,0,1,,1,0,1,,1,0,1,,0,0,0,
/archives/tag/チュートリアル,(direct) / (none),1,1,0,0%,1,1,0,0%,1,1,0,0%,0,0,0,
/archives/tag/トークン消費,(direct) / (none),1,0,1,,1,0,1,,1,0,1,,0,0,0,
/archives/tag/プログラミング支援,(direct) / (none),1,0,1,,1,0,1,,1,0,1,,0,0,0,
/archives/tag/プロンプト,(direct) / (none),1,0,1,,1,0,1,,1,0,1,,0,0,0,
/archives/tag/ワークフロー,(direct) / (none),1,0,1,,1,0,1,,1,0,1,,0,0,0,
/archives/tag/使い方,(direct) / (none),1,0,1,,1,0,1,,1,0,1,,0,0,0,
/archives/tag/凶日,(direct) / (none),1,0,1,,1,0,1,,1,0,1,,0,0,0,
/archives/tag/初心者向け,(direct) / (none),1,0,1,,1,0,1,,1,0,1,,0,0,0,
/archives/tag/収益化,(direct) / (none),1,0,1,,1,0,1,,1,0,1,,0,0,0,
/archives/tag/天赦日,(direct) / (none),1,0,1,,1,0,1,,1,0,1,,0,0,0,
/archives/tag/技術解説,(direct) / (none),1,0,1,,1,0,1,,1,0,1,,0,0,0,
/archives/tag/料金比較,(direct) / (none),1,0,1,,1,0,1,,1,0,1,,0,0,0,
/archives/tag/結婚,(direct) / (none),1,0,1,,1,0,1,,1,0,1,,0,0,0,
/archives/tag/翻訳,(direct) / (none),1,0,1,,1,0,1,,1,0,1,,0,0,0,
/audio-trim,(direct) / (none),1,0,1,,1,0,1,,1,0,1,,0,0,0,
/csv-batch-converter,doubao.com / referral,1,0,1,,1,0,1,,1,0,1,,1,0,1,
/en/archives/1066,google / organic,1,0,1,,1,0,1,,1,0,1,,1,0,1,
/image-audio-to-video,doubao.com / referral,1,0,1,,1,0,1,,1,0,1,,1,0,1,
/image-audio-to-video?push_animated=1&show_loading=0&webview_progress_bar=1&theme=light,(direct) / (none),1,0,1,,1,0,1,,1,0,1,,0,0,0,
/jp/ai/lucky-days,(direct) / (none),1,0,1,,1,0,1,,3,0,3,,1,0,1,
/jp/calendar,(direct) / (none),1,1,0,0%,1,1,0,0%,1,1,0,0%,0,1,-1,-100%
/jp/calendar,duckduckgo / organic,1,4,-3,-75%,1,4,-3,-75%,2,8,-6,-75%,1,3,-2,-66.67%
/jp/calendar,openai / (not set),1,3,-2,-66.67%,1,3,-2,-66.67%,21,15,6,40%,1,3,-2,-66.67%
/jp/calendar-converter,(direct) / (none),1,0,1,,1,0,1,,1,0,1,,0,0,0,
/jp/calendar/2026,(not set),1,0,1,,1,0,1,,2,0,2,,0,0,0,
/jp/calendar/2026,cn.bing.com / referral,1,0,1,,1,0,1,,2,0,2,,1,0,1,
/jp/calendar/2026,ecosia.org / organic,1,0,1,,1,0,1,,3,0,3,,1,0,1,
/jp/calendar/2026/03,bing / organic,1,0,1,,1,0,1,,1,0,1,,1,0,1,
/jp/calendar/2026/04,ecosia.org / organic,1,0,1,,1,0,1,,1,0,1,,0,0,0,
/jp/calendar/2026/06,duckduckgo / organic,1,0,1,,1,0,1,,1,0,1,,0,0,0,
/jp/calendar/2026/07,bing / organic,1,0,1,,1,0,1,,1,0,1,,1,0,1,
/jp/calendar/2026/09,yahoo / organic,1,0,1,,1,0,1,,6,0,6,,1,0,1,
/jp/calendar/2026/10,bing / organic,1,0,1,,1,0,1,,1,0,1,,0,0,0,
/jp/calendar/2026/11,bing / organic,1,0,1,,1,0,1,,1,0,1,,1,0,1,
/jp/utmtools/generator,(direct) / (none),1,0,1,,1,0,1,,1,0,1,,0,0,0,
/jp/utmtools/qr-generator,(direct) / (none),1,0,1,,1,0,1,,1,0,1,,0,0,0,
/markdown-table-to-image?webview_progress_bar=1&show_loading=0&push_animated=1&title=Markdown%20Table%20to%20Image&theme=dark,(direct) / (none),1,0,1,,1,0,1,,1,0,1,,0,0,0,
/media-bitrate-checker,(direct) / (none),1,0,1,,1,0,1,,1,0,1,,0,0,0,
/media-duration-analyzer,doubao.com / referral,1,0,1,,1,0,1,,1,0,1,,0,0,0,
/page/2/,(direct) / (none),1,0,1,,1,0,1,,1,0,1,,0,0,0,
/pitch-viewer?enable_bottom_share_style=1&hybrid_event_param=HybridEventParams(enterMethod%3Dmessage_markdown_url%2C%20localPage%3Dchat%2C%20chatType%3Ddefault%2C%20duration%3D0%2C%20isRichMediaPictureLink%3Dfalse%2C%20mobMap%3D%7Bmessage_id%3D43093908423571458%2C%20previous_page%3Dlanding%2C%20is_immersive_background%3D0%2C%20chat_type%3Ddefault%2C%20reply_id%3D43093908423563266%2C%20enter_method%3Dlanding%2C%20conversation_id%3D38415074340187650%2C%20enter_chat_method%3Dlanding%2C%20bot_id%3D7234781073513644036%2C%20current_page%3Dchat%7D%2C%20extra%3Dnull)&use_xbridge3=true&loader_name=forest&need_sec_link=1&sec_link_scene=im&theme=light,(direct) / (none),1,0,1,,1,0,1,,1,0,1,,0,0,0,
/privacy,(direct) / (none),1,0,1,,1,0,1,,1,0,1,,0,0,0,
/privacy-policy,(direct) / (none),1,0,1,,1,0,1,,1,0,1,,0,0,0,
/remove-chatgpt-utm,bing / organic,1,0,1,,1,0,1,,1,0,1,,1,0,1,
/remove-chatgpt.com,(direct) / (none),1,0,1,,1,0,1,,1,0,1,,0,0,0,
/revision-review,(direct) / (none),1,0,1,,1,0,1,,1,0,1,,0,0,0,
/simple-hiit-timer,(direct) / (none),1,0,1,,1,0,1,,1,0,1,,0,0,0,
/simple-tabata-timer,(direct) / (none),1,0,1,,1,0,1,,1,0,1,,0,0,0,
/tools/spacing,(direct) / (none),1,0,1,,1,0,1,,1,0,1,,1,0,1,
/tools/spacing,openai / organic,1,2,-1,-50%,1,2,-1,-50%,1,15,-14,-93.33%,1,2,-1,-50%
/tools/spacing,yahoo / organic,1,1,0,0%,1,1,0,0%,1,1,0,0%,0,0,0,
/updates,(direct) / (none),1,0,1,,1,0,1,,1,0,1,,0,0,0,
/archives/3229,bing / organic,0,12,-12,-100%,0,9,-9,-100%,0,12,-12,-100%,0,5,-5,-100%
/archives/2590,(direct) / (none),0,11,-11,-100%,0,11,-11,-100%,0,11,-11,-100%,0,9,-9,-100%
/archives/4154,bing / organic,0,10,-10,-100%,0,9,-9,-100%,0,15,-15,-100%,0,6,-6,-100%
/archives/4154,google / organic,0,8,-8,-100%,0,8,-8,-100%,0,14,-14,-100%,0,4,-4,-100%
/archives/3189,google / organic,0,6,-6,-100%,0,6,-6,-100%,0,6,-6,-100%,0,5,-5,-100%
/archives/3905,bing / organic,0,4,-4,-100%,0,4,-4,-100%,0,4,-4,-100%,0,2,-2,-100%
/archives/3995,bing / organic,0,4,-4,-100%,0,3,-3,-100%,0,4,-4,-100%,0,1,-1,-100%
/archives/633,service.smt.docomo.ne.jp / referral,0,4,-4,-100%,0,3,-3,-100%,0,5,-5,-100%,0,3,-3,-100%
/archives/3636,(direct) / (none),0,3,-3,-100%,0,3,-3,-100%,0,5,-5,-100%,0,3,-3,-100%
/archives/3784,bing / organic,0,3,-3,-100%,0,3,-3,-100%,0,3,-3,-100%,0,1,-1,-100%
/archives/580,(direct) / (none),0,3,-3,-100%,0,3,-3,-100%,0,3,-3,-100%,0,1,-1,-100%
/archives/841,google / organic,0,3,-3,-100%,0,3,-3,-100%,0,3,-3,-100%,0,1,-1,-100%
/archives/883,chatgpt.com / (not set),0,3,-3,-100%,0,3,-3,-100%,0,3,-3,-100%,0,1,-1,-100%
/archives/2279,bing / organic,0,2,-2,-100%,0,2,-2,-100%,0,2,-2,-100%,0,1,-1,-100%
/archives/2410,bing / organic,0,2,-2,-100%,0,2,-2,-100%,0,2,-2,-100%,0,2,-2,-100%
/archives/2590,statics.teams.cdn.office.net / referral,0,2,-2,-100%,0,2,-2,-100%,0,2,-2,-100%,0,1,-1,-100%
/archives/2658,google / organic,0,2,-2,-100%,0,2,-2,-100%,0,2,-2,-100%,0,1,-1,-100%
/archives/2800,cn.bing.com / referral,0,2,-2,-100%,0,1,-1,-100%,0,2,-2,-100%,0,2,-2,-100%
/archives/2991,google / organic,0,2,-2,-100%,0,2,-2,-100%,0,2,-2,-100%,0,2,-2,-100%
/archives/3205,duckduckgo / organic,0,2,-2,-100%,0,2,-2,-100%,0,2,-2,-100%,0,0,0,
/archives/3229,duckduckgo / organic,0,2,-2,-100%,0,1,-1,-100%,0,2,-2,-100%,0,2,-2,-100%
/archives/3333,cn.bing.com / referral,0,2,-2,-100%,0,2,-2,-100%,0,2,-2,-100%,0,1,-1,-100%
/archives/3461,(direct) / (none),0,2,-2,-100%,0,2,-2,-100%,0,2,-2,-100%,0,0,0,
/archives/3607,bing / organic,0,2,-2,-100%,0,2,-2,-100%,0,2,-2,-100%,0,1,-1,-100%
/archives/3776,(direct) / (none),0,2,-2,-100%,0,2,-2,-100%,0,2,-2,-100%,0,0,0,
/archives/3986,bing / organic,0,2,-2,-100%,0,2,-2,-100%,0,2,-2,-100%,0,2,-2,-100%
/archives/4071,(direct) / (none),0,2,-2,-100%,0,2,-2,-100%,0,2,-2,-100%,0,0,0,
/archives/4154,yahoo / organic,0,2,-2,-100%,0,2,-2,-100%,0,2,-2,-100%,0,0,0,
/archives/570,google / organic,0,2,-2,-100%,0,2,-2,-100%,0,2,-2,-100%,0,2,-2,-100%
/archives/596,google / organic,0,2,-2,-100%,0,2,-2,-100%,0,3,-3,-100%,0,2,-2,-100%
/archives/598,duckduckgo / organic,0,2,-2,-100%,0,2,-2,-100%,0,2,-2,-100%,0,1,-1,-100%
/archives/623,(direct) / (none),0,2,-2,-100%,0,2,-2,-100%,0,2,-2,-100%,0,0,0,
/archives/663,chatgpt.com / (not set),0,2,-2,-100%,0,2,-2,-100%,0,2,-2,-100%,0,1,-1,-100%
/archives/679,google / organic,0,2,-2,-100%,0,1,-1,-100%,0,2,-2,-100%,0,0,0,
/archives/910,t.co / referral,0,2,-2,-100%,0,1,-1,-100%,0,2,-2,-100%,0,2,-2,-100%
/archives/category/errors/ウェブサイト系,(direct) / (none),0,2,-2,-100%,0,2,-2,-100%,0,2,-2,-100%,0,0,0,
/archives/tag/multi-agents,(direct) / (none),0,2,-2,-100%,0,2,-2,-100%,0,2,-2,-100%,0,0,0,
/jp/tategaki-editor,bing / organic,0,2,-2,-100%,0,2,-2,-100%,0,3,-3,-100%,0,1,-1,-100%
/markdown-table-to-image,(direct) / (none),0,2,-2,-100%,0,2,-2,-100%,0,3,-3,-100%,0,1,-1,-100%
(not set),perplexity.ai / referral,0,1,-1,-100%,0,1,-1,-100%,0,0,0,,0,0,0,
/,bing / organic,0,1,-1,-100%,0,1,-1,-100%,0,2,-2,-100%,0,1,-1,-100%
/archives/1016,(direct) / (none),0,1,-1,-100%,0,1,-1,-100%,0,1,-1,-100%,0,0,0,
/archives/1016,google / organic,0,1,-1,-100%,0,1,-1,-100%,0,1,-1,-100%,0,0,0,
/archives/1039,google / organic,0,1,-1,-100%,0,1,-1,-100%,0,1,-1,-100%,0,1,-1,-100%
/archives/1060,(direct) / (none),0,1,-1,-100%,0,1,-1,-100%,0,1,-1,-100%,0,0,0,
/archives/1109,bing / organic,0,1,-1,-100%,0,1,-1,-100%,0,1,-1,-100%,0,0,0,
/archives/1129,(direct) / (none),0,1,-1,-100%,0,1,-1,-100%,0,1,-1,-100%,0,0,0,
/archives/1132,(direct) / (none),0,1,-1,-100%,0,1,-1,-100%,0,1,-1,-100%,0,0,0,
/archives/1186,bing / organic,0,1,-1,-100%,0,1,-1,-100%,0,1,-1,-100%,0,1,-1,-100%
/archives/140,bing / organic,0,1,-1,-100%,0,1,-1,-100%,0,1,-1,-100%,0,1,-1,-100%
/archives/1468,bing / organic,0,1,-1,-100%,0,1,-1,-100%,0,1,-1,-100%,0,1,-1,-100%
/archives/1472,bing / organic,0,1,-1,-100%,0,1,-1,-100%,0,1,-1,-100%,0,1,-1,-100%
/archives/149,(direct) / (none),0,1,-1,-100%,0,1,-1,-100%,0,1,-1,-100%,0,1,-1,-100%
/archives/185,prisma-cp.paprisma:6082 / referral,0,1,-1,-100%,0,1,-1,-100%,0,1,-1,-100%,0,1,-1,-100%
/archives/199,bing / organic,0,1,-1,-100%,0,1,-1,-100%,0,1,-1,-100%,0,0,0,
/archives/2048,google / organic,0,1,-1,-100%,0,1,-1,-100%,0,1,-1,-100%,0,1,-1,-100%
/archives/209,(direct) / (none),0,1,-1,-100%,0,1,-1,-100%,0,1,-1,-100%,0,1,-1,-100%
/archives/2124,chatgpt.com / (not set),0,1,-1,-100%,0,1,-1,-100%,0,1,-1,-100%,0,1,-1,-100%
/archives/218,yahoo / organic,0,1,-1,-100%,0,1,-1,-100%,0,1,-1,-100%,0,1,-1,-100%
/archives/2222,(direct) / (none),0,1,-1,-100%,0,1,-1,-100%,0,2,-2,-100%,0,1,-1,-100%
/archives/2256,(direct) / (none),0,1,-1,-100%,0,1,-1,-100%,0,1,-1,-100%,0,0,0,
/archives/2271,(direct) / (none),0,1,-1,-100%,0,1,-1,-100%,0,1,-1,-100%,0,0,0,
/archives/2320,vercel.com / referral,0,1,-1,-100%,0,1,-1,-100%,0,1,-1,-100%,0,0,0,
/archives/2322,(direct) / (none),0,1,-1,-100%,0,1,-1,-100%,0,1,-1,-100%,0,0,0,
/archives/2353,bing / organic,0,1,-1,-100%,0,1,-1,-100%,0,1,-1,-100%,0,1,-1,-100%
/archives/2356,google / organic,0,1,-1,-100%,0,1,-1,-100%,0,1,-1,-100%,0,1,-1,-100%
/archives/238,bing / organic,0,1,-1,-100%,0,1,-1,-100%,0,1,-1,-100%,0,1,-1,-100%
/archives/2381,rss / rss,0,1,-1,-100%,0,1,-1,-100%,0,1,-1,-100%,0,1,-1,-100%
/archives/2395,google / organic,0,1,-1,-100%,0,1,-1,-100%,0,1,-1,-100%,0,0,0,
/archives/2407,google / organic,0,1,-1,-100%,0,1,-1,-100%,0,1,-1,-100%,0,1,-1,-100%
/archives/2510,(direct) / (none),0,1,-1,-100%,0,1,-1,-100%,0,1,-1,-100%,0,0,0,
/archives/2544,google / organic,0,1,-1,-100%,0,1,-1,-100%,0,1,-1,-100%,0,0,0,
/archives/2546,statics.teams.cdn.office.net / referral,0,1,-1,-100%,0,1,-1,-100%,0,1,-1,-100%,0,1,-1,-100%
/archives/2590,safe.menlosecurity.com / referral,0,1,-1,-100%,0,1,-1,-100%,0,1,-1,-100%,0,1,-1,-100%
/archives/2607,yahoo / organic,0,1,-1,-100%,0,1,-1,-100%,0,1,-1,-100%,0,1,-1,-100%
/archives/2652,bing / organic,0,1,-1,-100%,0,1,-1,-100%,0,1,-1,-100%,0,1,-1,-100%
/archives/2668,bing / organic,0,1,-1,-100%,0,1,-1,-100%,0,1,-1,-100%,0,1,-1,-100%
/archives/2672,(direct) / (none),0,1,-1,-100%,0,1,-1,-100%,0,1,-1,-100%,0,0,0,
/archives/2761,(direct) / (none),0,1,-1,-100%,0,1,-1,-100%,0,2,-2,-100%,0,1,-1,-100%
/archives/2776,openai / organic,0,1,-1,-100%,0,1,-1,-100%,0,1,-1,-100%,0,1,-1,-100%
/archives/2812,google / organic,0,1,-1,-100%,0,1,-1,-100%,0,1,-1,-100%,0,1,-1,-100%
/archives/2832,google / organic,0,1,-1,-100%,0,1,-1,-100%,0,1,-1,-100%,0,1,-1,-100%
/archives/2838,(direct) / (none),0,1,-1,-100%,0,1,-1,-100%,0,1,-1,-100%,0,0,0,
/archives/291,bing / organic,0,1,-1,-100%,0,1,-1,-100%,0,1,-1,-100%,0,0,0,
/archives/2931,bing / organic,0,1,-1,-100%,0,1,-1,-100%,0,1,-1,-100%,0,1,-1,-100%
/archives/2937,chatgpt.com / (not set),0,1,-1,-100%,0,1,-1,-100%,0,1,-1,-100%,0,1,-1,-100%
/archives/2937,duckduckgo / organic,0,1,-1,-100%,0,1,-1,-100%,0,1,-1,-100%,0,0,0,
/archives/2991,(direct) / (none),0,1,-1,-100%,0,1,-1,-100%,0,1,-1,-100%,0,0,0,
/archives/30,google / organic,0,1,-1,-100%,0,1,-1,-100%,0,1,-1,-100%,0,1,-1,-100%
/archives/3091,(direct) / (none),0,1,-1,-100%,0,1,-1,-100%,0,1,-1,-100%,0,0,0,
/archives/3103,duckduckgo / organic,0,1,-1,-100%,0,1,-1,-100%,0,1,-1,-100%,0,1,-1,-100%
/archives/3121,chatgpt.com / referral,0,1,-1,-100%,0,1,-1,-100%,0,1,-1,-100%,0,1,-1,-100%
/archives/3186,bing / organic,0,1,-1,-100%,0,1,-1,-100%,0,2,-2,-100%,0,1,-1,-100%
/archives/3189,(direct) / (none),0,1,-1,-100%,0,1,-1,-100%,0,1,-1,-100%,0,0,0,
/archives/3192,(direct) / (none),0,1,-1,-100%,0,1,-1,-100%,0,1,-1,-100%,0,1,-1,-100%
/archives/3205,chatgpt.com / referral,0,1,-1,-100%,0,1,-1,-100%,0,1,-1,-100%,0,0,0,
/archives/3229,(direct) / (none),0,1,-1,-100%,0,1,-1,-100%,0,1,-1,-100%,0,0,0,
/archives/3232,bing / organic,0,1,-1,-100%,0,1,-1,-100%,0,1,-1,-100%,0,1,-1,-100%
/archives/3268,google / organic,0,1,-1,-100%,0,1,-1,-100%,0,1,-1,-100%,0,1,-1,-100%
/archives/3290,bing / organic,0,1,-1,-100%,0,1,-1,-100%,0,1,-1,-100%,0,1,-1,-100%
/archives/3301,duckduckgo / organic,0,1,-1,-100%,0,1,-1,-100%,0,1,-1,-100%,0,0,0,
/archives/333,bing / organic,0,1,-1,-100%,0,1,-1,-100%,0,1,-1,-100%,0,1,-1,-100%
/archives/3330,bing / organic,0,1,-1,-100%,0,1,-1,-100%,0,1,-1,-100%,0,1,-1,-100%
/archives/3340,bing / organic,0,1,-1,-100%,0,1,-1,-100%,0,1,-1,-100%,0,0,0,
/archives/3346,google / organic,0,1,-1,-100%,0,1,-1,-100%,0,1,-1,-100%,0,1,-1,-100%
/archives/3483,google / organic,0,1,-1,-100%,0,1,-1,-100%,0,1,-1,-100%,0,1,-1,-100%
/archives/3510,(direct) / (none),0,1,-1,-100%,0,1,-1,-100%,0,1,-1,-100%,0,0,0,
/archives/3533,(direct) / (none),0,1,-1,-100%,0,1,-1,-100%,0,1,-1,-100%,0,0,0,
/archives/362,(direct) / (none),0,1,-1,-100%,0,1,-1,-100%,0,1,-1,-100%,0,0,0,
/archives/362,(not set),0,1,-1,-100%,0,1,-1,-100%,0,1,-1,-100%,0,0,0,
/archives/3636,perplexity.ai / referral,0,1,-1,-100%,0,1,-1,-100%,0,1,-1,-100%,0,1,-1,-100%
/archives/3645,(direct) / (none),0,1,-1,-100%,0,1,-1,-100%,0,1,-1,-100%,0,0,0,
/archives/3672,cn.bing.com / referral,0,1,-1,-100%,0,1,-1,-100%,0,1,-1,-100%,0,0,0,
/archives/3672,duckduckgo / organic,0,1,-1,-100%,0,1,-1,-100%,0,1,-1,-100%,0,0,0,
/archives/3699,(direct) / (none),0,1,-1,-100%,0,1,-1,-100%,0,1,-1,-100%,0,1,-1,-100%
/archives/3722,bing / organic,0,1,-1,-100%,0,1,-1,-100%,0,1,-1,-100%,0,1,-1,-100%
/archives/3722,perplexity / (not set),0,1,-1,-100%,0,1,-1,-100%,0,1,-1,-100%,0,1,-1,-100%
/archives/3736,chatgpt.com / referral,0,1,-1,-100%,0,1,-1,-100%,0,1,-1,-100%,0,0,0,
/archives/3741,chatgpt.com / referral,0,1,-1,-100%,0,1,-1,-100%,0,1,-1,-100%,0,1,-1,-100%
/archives/3804,(direct) / (none),0,1,-1,-100%,0,1,-1,-100%,0,1,-1,-100%,0,0,0,
/archives/384,bing / organic,0,1,-1,-100%,0,1,-1,-100%,0,1,-1,-100%,0,1,-1,-100%
/archives/3865,(direct) / (none),0,1,-1,-100%,0,1,-1,-100%,0,1,-1,-100%,0,0,0,
/archives/3933,es.search.yahoo.com / referral,0,1,-1,-100%,0,1,-1,-100%,0,1,-1,-100%,0,1,-1,-100%
/archives/3933,uk.search.yahoo.com / referral,0,1,-1,-100%,0,1,-1,-100%,0,1,-1,-100%,0,0,0,
/archives/3954,chatgpt.com / referral,0,1,-1,-100%,0,1,-1,-100%,0,1,-1,-100%,0,1,-1,-100%
/archives/3995,google / organic,0,1,-1,-100%,0,1,-1,-100%,0,1,-1,-100%,0,0,0,
/archives/3999,(direct) / (none),0,1,-1,-100%,0,1,-1,-100%,0,1,-1,-100%,0,0,0,
/archives/40,(direct) / (none),0,1,-1,-100%,0,1,-1,-100%,0,1,-1,-100%,0,0,0,
/archives/4006,duckduckgo / organic,0,1,-1,-100%,0,1,-1,-100%,0,2,-2,-100%,0,1,-1,-100%
/archives/4006,t.co / referral,0,1,-1,-100%,0,1,-1,-100%,0,1,-1,-100%,0,1,-1,-100%
/archives/4012,(direct) / (none),0,1,-1,-100%,0,1,-1,-100%,0,1,-1,-100%,0,0,0,
/archives/4017,google / organic,0,1,-1,-100%,0,1,-1,-100%,0,1,-1,-100%,0,1,-1,-100%
/archives/4028,bing / organic,0,1,-1,-100%,0,1,-1,-100%,0,1,-1,-100%,0,1,-1,-100%
/archives/4034,bing / organic,0,1,-1,-100%,0,1,-1,-100%,0,1,-1,-100%,0,1,-1,-100%
/archives/4103,t.co / referral,0,1,-1,-100%,0,1,-1,-100%,0,1,-1,-100%,0,0,0,
/archives/4108,(direct) / (none),0,1,-1,-100%,0,1,-1,-100%,0,1,-1,-100%,0,0,0,
/archives/411,bing / organic,0,1,-1,-100%,0,1,-1,-100%,0,1,-1,-100%,0,1,-1,-100%
/archives/4154,(direct) / (none),0,1,-1,-100%,0,1,-1,-100%,0,1,-1,-100%,0,1,-1,-100%
/archives/4172,(direct) / (none),0,1,-1,-100%,0,1,-1,-100%,0,1,-1,-100%,0,0,0,
/archives/4183,bing / organic,0,1,-1,-100%,0,1,-1,-100%,0,1,-1,-100%,0,0,0,
/archives/4189,cn.bing.com / referral,0,1,-1,-100%,0,1,-1,-100%,0,1,-1,-100%,0,1,-1,-100%
/archives/427,(direct) / (none),0,1,-1,-100%,0,1,-1,-100%,0,1,-1,-100%,0,0,0,
/archives/443,search.portal.auone.jp / referral,0,1,-1,-100%,0,1,-1,-100%,0,2,-2,-100%,0,1,-1,-100%
/archives/492,(direct) / (none),0,1,-1,-100%,0,1,-1,-100%,0,1,-1,-100%,0,0,0,
/archives/51,(direct) / (none),0,1,-1,-100%,0,1,-1,-100%,0,1,-1,-100%,0,0,0,
/archives/524,google / organic,0,1,-1,-100%,0,1,-1,-100%,0,1,-1,-100%,0,1,-1,-100%
/archives/549,google / organic,0,1,-1,-100%,0,1,-1,-100%,0,1,-1,-100%,0,0,0,
/archives/554,(direct) / (none),0,1,-1,-100%,0,1,-1,-100%,0,1,-1,-100%,0,0,0,
/archives/580,google / organic,0,1,-1,-100%,0,1,-1,-100%,0,1,-1,-100%,0,1,-1,-100%
/archives/588,(direct) / (none),0,1,-1,-100%,0,1,-1,-100%,0,1,-1,-100%,0,0,0,
/archives/62,google / organic,0,1,-1,-100%,0,1,-1,-100%,0,1,-1,-100%,0,0,0,
/archives/633,search.portal.auone.jp / referral,0,1,-1,-100%,0,1,-1,-100%,0,1,-1,-100%,0,1,-1,-100%
/archives/633,t.co / referral,0,1,-1,-100%,0,1,-1,-100%,0,1,-1,-100%,0,0,0,
/archives/636,(direct) / (none),0,1,-1,-100%,0,1,-1,-100%,0,1,-1,-100%,0,1,-1,-100%
/archives/636,bing / organic,0,1,-1,-100%,0,1,-1,-100%,0,1,-1,-100%,0,1,-1,-100%
/archives/636,chatgpt.com / referral,0,1,-1,-100%,0,1,-1,-100%,0,1,-1,-100%,0,1,-1,-100%
/archives/639,bing / organic,0,1,-1,-100%,0,1,-1,-100%,0,1,-1,-100%,0,1,-1,-100%
/archives/645,(direct) / (none),0,1,-1,-100%,0,1,-1,-100%,0,1,-1,-100%,0,1,-1,-100%
/archives/654,bing / organic,0,1,-1,-100%,0,1,-1,-100%,0,1,-1,-100%,0,1,-1,-100%
/archives/656,duckduckgo / organic,0,1,-1,-100%,0,1,-1,-100%,0,1,-1,-100%,0,1,-1,-100%
/archives/66,duckduckgo / organic,0,1,-1,-100%,0,1,-1,-100%,0,1,-1,-100%,0,0,0,
/archives/66,google / organic,0,1,-1,-100%,0,1,-1,-100%,0,1,-1,-100%,0,0,0,
/archives/683,bing / organic,0,1,-1,-100%,0,1,-1,-100%,0,1,-1,-100%,0,1,-1,-100%
/archives/685,(direct) / (none),0,1,-1,-100%,0,1,-1,-100%,0,1,-1,-100%,0,1,-1,-100%
/archives/700,google / organic,0,1,-1,-100%,0,1,-1,-100%,0,1,-1,-100%,0,1,-1,-100%
/archives/738,bing / organic,0,1,-1,-100%,0,1,-1,-100%,0,1,-1,-100%,0,0,0,
/archives/843,(direct) / (none),0,1,-1,-100%,0,1,-1,-100%,0,1,-1,-100%,0,0,0,
/archives/865,bing / organic,0,1,-1,-100%,0,1,-1,-100%,0,1,-1,-100%,0,1,-1,-100%
/archives/885,google / organic,0,1,-1,-100%,0,1,-1,-100%,0,1,-1,-100%,0,0,0,
/archives/913,(direct) / (none),0,1,-1,-100%,0,1,-1,-100%,0,1,-1,-100%,0,0,0,
/archives/918,(direct) / (none),0,1,-1,-100%,0,1,-1,-100%,0,1,-1,-100%,0,0,0,
/archives/968,google / organic,0,1,-1,-100%,0,1,-1,-100%,0,1,-1,-100%,0,1,-1,-100%
/archives/category/errors/ai-error,google / organic,0,1,-1,-100%,0,1,-1,-100%,0,1,-1,-100%,0,0,0,
/archives/category/ガジェット/モニター,(direct) / (none),0,1,-1,-100%,0,1,-1,-100%,0,1,-1,-100%,0,0,0,
/archives/tag/,(direct) / (none),0,1,-1,-100%,0,1,-1,-100%,0,1,-1,-100%,0,0,0,
/archives/tag/affiliate,(direct) / (none),0,1,-1,-100%,0,1,-1,-100%,0,1,-1,-100%,0,0,0,
/archives/tag/ai-writing,(direct) / (none),0,1,-1,-100%,0,1,-1,-100%,0,1,-1,-100%,0,0,0,
/archives/tag/aiコーディング,(direct) / (none),0,1,-1,-100%,0,1,-1,-100%,0,1,-1,-100%,0,0,0,
/archives/tag/android,(direct) / (none),0,1,-1,-100%,0,1,-1,-100%,0,1,-1,-100%,0,0,0,
/archives/tag/api-cost,(direct) / (none),0,1,-1,-100%,0,1,-1,-100%,0,1,-1,-100%,0,0,0,
/archives/tag/approval_policy,google / organic,0,1,-1,-100%,0,1,-1,-100%,0,1,-1,-100%,0,0,0,
/archives/tag/bitnami,(direct) / (none),0,1,-1,-100%,0,1,-1,-100%,0,1,-1,-100%,0,0,0,
/archives/tag/clawdbot,(direct) / (none),0,1,-1,-100%,0,1,-1,-100%,0,1,-1,-100%,0,0,0,
/archives/tag/cliツール,(direct) / (none),0,1,-1,-100%,0,1,-1,-100%,0,1,-1,-100%,0,0,0,
/archives/tag/codex,(direct) / (none),0,1,-1,-100%,0,1,-1,-100%,0,1,-1,-100%,0,0,0,
/archives/tag/command-prompt,(direct) / (none),0,1,-1,-100%,0,1,-1,-100%,0,1,-1,-100%,0,0,0,
/archives/tag/coupler-io,(direct) / (none),0,1,-1,-100%,0,1,-1,-100%,0,1,-1,-100%,0,0,0,
/archives/tag/gateway,(direct) / (none),0,1,-1,-100%,0,1,-1,-100%,0,1,-1,-100%,0,0,0,
/archives/tag/github-app,(direct) / (none),0,1,-1,-100%,0,1,-1,-100%,0,1,-1,-100%,0,0,0,
/archives/tag/google-drive,(direct) / (none),0,1,-1,-100%,0,1,-1,-100%,0,1,-1,-100%,0,0,0,
/archives/tag/googleビジネスプロフィール,(direct) / (none),0,1,-1,-100%,0,1,-1,-100%,0,1,-1,-100%,0,0,0,
/archives/tag/lステップ,(direct) / (none),0,1,-1,-100%,0,1,-1,-100%,0,1,-1,-100%,0,0,0,
/archives/tag/open-source,(direct) / (none),0,1,-1,-100%,0,1,-1,-100%,0,1,-1,-100%,0,0,0,
/archives/tag/opencode,(direct) / (none),0,1,-1,-100%,0,1,-1,-100%,0,1,-1,-100%,0,0,0,
/archives/tag/react,(direct) / (none),0,1,-1,-100%,0,1,-1,-100%,0,1,-1,-100%,0,0,0,
/archives/tag/subagents,(direct) / (none),0,1,-1,-100%,0,1,-1,-100%,0,1,-1,-100%,0,0,0,
/archives/tag/timer,(direct) / (none),0,1,-1,-100%,0,1,-1,-100%,0,1,-1,-100%,0,0,0,
/archives/tag/tui,(direct) / (none),0,1,-1,-100%,0,1,-1,-100%,0,1,-1,-100%,0,0,0,
/archives/tag/utm,(direct) / (none),0,1,-1,-100%,0,1,-1,-100%,0,1,-1,-100%,0,0,0,
/archives/tag/webapi,(direct) / (none),0,1,-1,-100%,0,1,-1,-100%,0,1,-1,-100%,0,0,0,
/archives/tag/workers,(direct) / (none),0,1,-1,-100%,0,1,-1,-100%,0,1,-1,-100%,0,0,0,
/archives/tag/x-api,(direct) / (none),0,1,-1,-100%,0,1,-1,-100%,0,1,-1,-100%,0,0,0,
/archives/tag/youtube,(direct) / (none),0,1,-1,-100%,0,1,-1,-100%,0,1,-1,-100%,0,0,0,
/archives/tag/エラー解決,(direct) / (none),0,1,-1,-100%,0,1,-1,-100%,0,1,-1,-100%,0,0,0,
/archives/tag/エラー解決,google / organic,0,1,-1,-100%,0,1,-1,-100%,0,2,-2,-100%,0,1,-1,-100%
/archives/tag/デザイン,(direct) / (none),0,1,-1,-100%,0,1,-1,-100%,0,1,-1,-100%,0,0,0,
/archives/tag/データ分析,(direct) / (none),0,1,-1,-100%,0,1,-1,-100%,0,1,-1,-100%,0,0,0,
/archives/tag/マルチエージェント,(direct) / (none),0,1,-1,-100%,0,1,-1,-100%,0,1,-1,-100%,0,0,0,
/archives/tag/使用量,(direct) / (none),0,1,-1,-100%,0,1,-1,-100%,0,1,-1,-100%,0,0,0,
/archives/tag/大安,(direct) / (none),0,1,-1,-100%,0,1,-1,-100%,0,1,-1,-100%,0,0,0,
/archives/tag/寅の日,(direct) / (none),0,1,-1,-100%,0,1,-1,-100%,0,1,-1,-100%,0,0,0,
/archives/tag/活用事例,(direct) / (none),0,1,-1,-100%,0,1,-1,-100%,0,1,-1,-100%,0,0,0,
/csv-column-count,chatgpt.com / referral,0,1,-1,-100%,0,1,-1,-100%,0,1,-1,-100%,0,0,0,
/disclaimer,(direct) / (none),0,1,-1,-100%,0,1,-1,-100%,0,1,-1,-100%,0,0,0,
/en/archives/1066,duckduckgo / organic,0,1,-1,-100%,0,1,-1,-100%,0,1,-1,-100%,0,1,-1,-100%
/jp/calendar,ecosia.org / organic,0,1,-1,-100%,0,1,-1,-100%,0,1,-1,-100%,0,1,-1,-100%
/jp/calendar-converter,bing / organic,0,1,-1,-100%,0,1,-1,-100%,0,1,-1,-100%,0,0,0,
/jp/daily-report-time-calc,bing / organic,0,1,-1,-100%,0,1,-1,-100%,0,1,-1,-100%,0,1,-1,-100%
/jp/text-cleaner,(direct) / (none),0,1,-1,-100%,0,1,-1,-100%,0,1,-1,-100%,0,0,0,
/jp/text-cleaner,bing / organic,0,1,-1,-100%,0,1,-1,-100%,0,1,-1,-100%,0,1,-1,-100%
/lp2025en,bing / organic,0,1,-1,-100%,0,1,-1,-100%,0,1,-1,-100%,0,1,-1,-100%
/media-bitrate-checker,doubao.com / referral,0,1,-1,-100%,0,1,-1,-100%,0,1,-1,-100%,0,1,-1,-100%
/media-duration-analyzer,bing / organic,0,1,-1,-100%,0,1,-1,-100%,0,1,-1,-100%,0,1,-1,-100%
/microwave-watt-calculator,(direct) / (none),0,1,-1,-100%,0,1,-1,-100%,0,1,-1,-100%,0,0,0,
/pitch-viewer,doubao.com / referral,0,1,-1,-100%,0,1,-1,-100%,0,1,-1,-100%,0,0,0,
/table2image,(direct) / (none),0,1,-1,-100%,0,1,-1,-100%,0,2,-2,-100%,0,1,-1,-100%
/weeks-from-today,(direct) / (none),0,1,-1,-100%,0,1,-1,-100%,0,1,-1,-100%,0,0,0,
